ID,source,n_backbone_matches,MW,cLogP,HBD,HBA,TPSA,RotBonds
ABOMOT,CSD,10,1218.437,-0.233,8.0,18.0,445.98,12.0
ABUDUW,CSD,14,1403.937,2.264,8.0,16.0,369.88,21.0
ACTDGU10,CSD,8,1256.644,1.674,7.0,18.0,358.37,8.0
ACUMOC,CSD,9,1449.757,14.308,0.0,9.0,182.79,18.0
AENNIC10,CSD,7,875.058,-6.959,4.0,24.0,265.74,1.0
AHELEG,CSD,12,754.499,3.574,3.0,7.0,159.67,10.0
AJAGEX,CSD,8,114.043,-1.768,2.0,2.0,58.2,0.0
ALASAR,CSD,8,284.148,-2.12,1.0,4.0,90.03,0.0
ALAZOD,CSD,12,882.41,4.466,6.0,12.0,174.6,9.0
ALPRAL10,CSD,8,412.211,0.214,2.0,4.0,98.82,2.0
AMIFAE,CSD,11,1201.841,3.269,5.0,12.0,278.8,15.0
ANTAHC10,CSD,10,1146.59,2.52,6.0,10.0,255.84,9.0
ANUJUQ,CSD,10,747.432,0.715,7.0,8.0,198.07,8.0
ARECEI,CSD,8,1340.592,-3.957,10.0,22.0,438.02,8.0
ARESEW,CSD,13,1997.67,-10.265,26.0,32.0,730.62,19.0
ASIYIL,CSD,8,213.039,-1.527,1.0,5.0,96.02,0.0
ASOSAD,CSD,12,588.295,2.005,2.0,6.0,125.12,5.0
AYUQIV,CSD,9,1089.593,2.09,7.0,11.0,278.46,14.0
BAMANT10,CSD,8,903.343,-4.293,12.0,13.0,354.86,6.0
BASPOD,CSD,16,938.58,-4.833,10.0,12.0,368.34,20.0
BASPUJ,CSD,8,770.392,-8.938,10.0,12.0,368.34,12.0
BAZQAU,CSD,8,1417.952,2.605,7.0,16.0,361.09,21.0
BEHTEN,CSD,10,543.306,0.527,2.0,6.0,128.36,5.0
BEJMAI,CSD,8,854.375,-2.585,10.0,11.0,303.12,6.0
BEMVAS,CSD,7,865.474,2.694,4.0,8.0,188.77,9.0
BEPQOD,CSD,8,1055.638,-1.885,12.0,14.0,354.84,14.0
BIBWES,CSD,12,717.3,-1.898,7.0,11.0,215.99,1.0
BIHTUH,CSD,12,630.317,0.446,4.0,6.0,157.02,4.0
BIVJOG,CSD,12,1156.24,1.286,6.0,20.0,298.02,8.0
BIXPAZ10,CSD,12,634.348,0.749,6.0,6.0,174.6,8.0
BOBXAV,CSD,12,1228.343,6.269,2.0,20.0,217.44,9.0
BODHEH,CSD,12,1054.569,1.071,6.0,18.0,332.4,7.0
BODJEJ,CSD,12,1194.725,4.252,6.0,18.0,332.4,12.0
BOHFEJ,CSD,7,811.484,2.516,4.0,9.0,203.61,10.0
BOMQUT,CSD,9,1743.672,-3.073,19.0,29.0,618.65,22.0
BOQRUU,CSD,8,1584.733,3.92,16.0,24.0,481.68,16.0
BOQYEM,CSD,8,684.197,-4.409,4.0,16.0,121.74,0.0
BRAXGU,CSD,8,1334.555,2.437,7.0,18.0,358.37,8.0
CACNOJ10,CSD,8,744.36,-1.321,6.0,8.0,215.22,4.0
CACYEK,CSD,8,796.483,2.834,4.0,12.0,221.6,8.0
CAKROX,CSD,12,790.059,0.101,2.0,18.0,195.2,0.0
CAZFIS,CSD,8,932.37,-5.617,12.0,14.0,369.88,8.0
CAZFOY,CSD,8,948.365,-5.951,12.0,15.0,386.95,8.0
CAZSEB,CSD,8,672.36,-2.202,0.0,8.0,162.48,0.0
CAZXAD,CSD,8,1144.673,6.979,4.0,8.0,197.64,8.0
CAZXEH,CSD,8,840.547,2.088,4.0,8.0,197.64,0.0
CDSRCA10,CSD,8,142.074,-1.083,0.0,2.0,40.62,0.0
CEHXAO,CSD,9,358.055,-2.074,0.0,9.0,78.9,0.0
CESXIH10,CSD,8,1099.662,-3.247,4.0,20.0,210.4,0.0
CETSAW,CSD,16,664.347,2.288,2.0,8.0,151.42,8.0
CGDLLL10,CSD,12,566.379,0.356,6.0,6.0,174.6,8.0
CHPSAR,CSD,7,497.26,-3.791,0.0,7.0,142.17,0.0
CINLAQ,CSD,8,305.043,0.978,0.0,4.0,52.6,3.0
CIXJIE,CSD,8,610.959,1.918,2.0,6.0,67.4,2.0
CIYNEE,CSD,16,838.38,-1.555,9.0,10.0,282.89,6.0
COSARC10,CSD,8,568.297,-4.333,0.0,8.0,162.48,0.0
CUDTEC,CSD,9,1599.005,3.922,10.0,18.0,400.27,24.0
CUDYAC,CSD,8,1410.63,4.715,8.0,16.0,363.48,1.0
CUJHIY,CSD,12,1013.4,-3.636,11.0,20.0,340.85,11.0
CUKLED,CSD,8,398.069,2.74,0.0,5.0,52.6,2.0
CUQRUB,CSD,11,1243.852,3.84,4.0,13.0,284.87,16.0
CUQSAI,CSD,11,1321.762,4.215,4.0,13.0,284.87,17.0
CUQYUI,CSD,8,796.506,-1.136,10.0,10.0,273.26,10.0
CUSYUK,CSD,8,503.998,-4.051,3.0,13.0,165.89,0.0
CUZHIO,CSD,8,375.024,-1.605,0.0,10.0,105.2,0.0
CYDSAR,CSD,10,710.371,-5.416,0.0,10.0,203.1,0.0
DAGPAE,CSD,8,276.108,0.56,0.0,4.0,138.14,2.0
DASXIE,CSD,8,744.36,-1.321,6.0,8.0,215.22,4.0
DAXRAZ,CSD,8,1388.676,1.836,9.0,20.0,399.5,8.0
DEKSAN,CSD,11,1201.841,3.269,5.0,12.0,278.8,15.0
DETWUU,CSD,8,632.281,0.09,3.0,10.0,208.8,4.0
DEWFEQ,CSD,12,1012.571,-3.008,8.0,12.0,314.04,4.0
DEWPOK,CSD,8,1073.908,-1.339,0.0,26.0,252.72,0.0
DOCBEG,CSD,8,2156.41,-14.659,4.0,44.0,452.52,0.0
DOMZOW,CSD,8,1118.652,5.338,0.0,16.0,211.38,14.0
DONQUU,CSD,8,532.095,0.759,6.0,8.0,192.6,8.0
DOQKOJ,CSD,8,2564.331,-4.491,0.0,56.0,585.04,0.0
DOVXIW,CSD,8,454.327,1.529,4.0,4.0,122.88,4.0
DOWXOC,CSD,7,449.019,-1.104,0.0,6.0,93.22,0.0
DUBNOH,CSD,10,2067.669,-7.218,29.0,45.0,817.84,17.0
DUMCEV,CSD,14,740.386,-1.374,8.0,9.0,244.24,4.0
DUMCIZ,CSD,7,740.386,-1.374,8.0,9.0,244.24,4.0
DUMNOQ,CSD,14,738.406,-0.738,6.0,8.0,215.22,4.0
DUMNUW,CSD,7,740.386,-1.374,8.0,9.0,244.24,4.0
DUMPAE,CSD,7,740.386,-1.374,8.0,9.0,244.24,4.0
DUPFAV,CSD,8,991.426,-2.546,11.0,14.0,373.51,17.0
DUTLAF10,CSD,10,1174.622,3.156,6.0,10.0,255.84,10.0
DUVGOQ10,CSD,8,806.288,-0.966,6.0,10.0,215.22,4.0
DUXQAR,CSD,8,948.546,5.665,0.0,12.0,186.44,12.0
EHEMAG,CSD,16,1024.628,3.186,8.0,4.0,182.84,8.0
EJISOJ,CSD,8,671.389,1.854,3.0,8.0,165.66,6.0
EJOYEH,CSD,8,848.41,-2.164,9.0,11.0,281.54,9.0
EJOYIL,CSD,8,848.41,-2.164,9.0,11.0,281.54,9.0
ENELIS,CSD,10,1504.579,5.695,10.0,12.0,331.62,20.0
ENELOY,CSD,10,1428.493,4.283,10.0,12.0,331.62,18.0
ESUPUE,CSD,8,1117.689,-0.455,10.0,11.0,326.85,17.0
EVAPUM,CSD,8,768.417,-0.788,7.0,9.0,235.45,5.0
EVITEK,CSD,15,637.441,2.732,5.0,7.0,171.8,11.0
EZUKIU,CSD,12,756.347,-0.632,6.0,11.0,199.0,1.0
FADQOQ,CSD,8,1032.547,4.522,4.0,8.0,197.64,16.0
FADQUW,CSD,8,1040.61,5.418,4.0,8.0,197.64,16.0
FADTEJ,CSD,16,860.516,1.904,4.0,8.0,197.64,8.0
FAMPOA,CSD,8,640.032,-7.93,0.0,16.0,207.74,3.0
FAPFIL,CSD,8,1099.661,-3.247,4.0,20.0,210.4,0.0
FAPFIL10,CSD,8,1099.661,-3.898,3.0,20.0,210.4,0.0
FERCRN10,CSD,12,770.241,-4.765,7.0,16.0,266.14,1.0
FETGUG,CSD,8,1022.046,-2.274,0.0,22.0,228.86,0.0
FILPEW,CSD,12,960.539,-3.981,10.0,12.0,331.62,4.0
FIQBIU,CSD,7,1775.081,-1.043,20.0,22.0,663.59,50.0
FOHDIS,CSD,8,339.122,1.363,2.0,4.0,101.34,5.0
FOLPIJ,CSD,9,488.28,1.86,3.0,4.0,107.61,2.0
FOLWOT,CSD,8,844.542,0.962,6.0,9.0,226.66,9.0
FOQJEC,CSD,8,258.137,1.419,0.0,4.0,40.62,2.0
FUBRAV,CSD,12,589.214,1.436,4.0,9.0,162.49,3.0
FUBXUX,CSD,10,445.233,-0.86,5.0,5.0,145.5,2.0
FUBYAE,CSD,10,547.279,0.847,4.0,5.0,136.71,4.0
FULJIH,CSD,16,578.358,2.906,4.0,6.0,122.88,8.0
GABWOW,CSD,11,1215.857,3.659,5.0,12.0,278.8,16.0
GACCOH,CSD,12,1200.169,4.616,5.0,13.0,234.84,10.0
GAFPEM,CSD,12,504.08,-2.374,0.0,12.0,105.2,0.0
GAJFAY,CSD,12,825.385,2.248,7.0,7.0,201.83,9.0
GEHJEI,CSD,8,463.052,-3.645,2.0,12.0,191.38,6.0
GEJTAU,CSD,8,550.254,1.208,4.0,6.0,157.02,0.0
GENTOM,CSD,8,858.191,3.219,4.0,16.0,233.43,2.0
GEVQON,CSD,8,1292.129,-12.552,0.0,32.0,330.36,0.0
GIMFIS,CSD,8,390.063,1.368,3.0,6.0,86.31,0.0
GIPKAR10,CSD,9,1039.647,3.701,7.0,9.0,244.32,13.0
GIQJEV,CSD,8,2564.331,-4.491,0.0,56.0,585.04,0.0
GOGVAC,CSD,8,716.224,-2.767,0.0,13.0,116.5,0.0
GOGVEG,CSD,8,710.211,-2.767,0.0,13.0,116.5,0.0
GOGZOU,CSD,12,1016.425,-0.599,12.0,14.0,329.06,17.0
GOKSEE,CSD,7,1126.631,4.772,5.0,14.0,265.41,17.0
GUHGIZ,CSD,8,1408.843,0.25,16.0,18.0,504.55,34.0
GUVCUX,CSD,16,1196.746,5.78,4.0,12.0,234.56,14.0
GUYDAJ,CSD,12,1263.525,4.52,9.0,15.0,374.52,0.0
HAXMOI,CSD,8,1078.591,-0.25,4.0,16.0,309.32,4.0
HEBKUU,CSD,10,1118.559,1.883,6.0,10.0,255.84,8.0
HECWIX,CSD,16,2312.159,-20.093,8.0,64.0,736.94,0.0
HEGNEO,CSD,8,406.233,-0.005,3.0,5.0,127.5,4.0
HEGNIS,CSD,8,420.249,0.383,3.0,5.0,127.5,4.0
HEWFUL,CSD,12,1799.747,-7.19,12.0,48.0,574.62,0.0
HEWGOG,CSD,16,623.368,3.067,3.0,7.0,138.84,12.0
HEYZAN,CSD,16,1048.527,2.015,0.0,12.0,199.4,20.0
HEZDID,CSD,10,1174.697,3.738,8.0,10.0,273.42,14.0
HEZDOJ,CSD,10,1174.697,3.738,8.0,10.0,273.42,14.0
HEZDUP,CSD,10,1210.678,4.333,8.0,10.0,273.42,14.0
HICHUW,CSD,8,1488.42,-2.573,19.0,25.0,553.01,13.0
HIPCOB,CSD,16,686.243,6.146,6.0,6.0,122.72,6.0
HIYMEL,CSD,8,625.096,-1.245,0.0,14.0,148.34,3.0
HOZXON,CSD,16,843.428,0.042,9.0,9.0,260.03,7.0
HUCVIK,CSD,11,1215.857,3.659,5.0,12.0,278.8,16.0
HUCVOQ,CSD,11,1203.857,3.493,5.0,12.0,278.8,16.0
HUNSAK,CSD,10,1396.873,5.729,6.0,14.0,314.92,18.0
HUQGEH,CSD,8,534.164,2.306,1.0,9.0,124.07,2.0
IBAFEA,CSD,12,470.289,1.924,3.0,4.0,107.61,7.0
IBAFUQ,CSD,16,543.285,2.602,4.0,4.0,123.4,7.0
ICYSPA,CSD,10,1329.754,3.715,5.0,13.0,270.96,13.0
IGIWIF,CSD,10,1638.717,7.747,8.0,12.0,273.42,20.0
IJAQIV,CSD,12,610.275,-3.203,0.0,8.0,140.32,10.0
IKEREY,CSD,16,1040.464,1.995,0.0,12.0,199.4,16.0
IKEYEF,CSD,8,1042.477,4.141,0.0,12.0,278.46,18.0
ILAMYC,CSD,7,1193.516,7.454,5.0,12.0,260.49,17.0
ILOWAJ,CSD,10,1138.715,3.939,4.0,10.0,238.26,12.0
IMIHAP02,CSD,8,260.116,0.424,2.0,3.0,69.64,2.0
ISAQEA,CSD,12,919.417,-3.059,11.0,16.0,363.74,18.0
IWINUA,CSD,8,760.442,2.474,4.0,8.0,129.36,8.0
IZUYUA,CSD,12,1391.945,-10.357,12.0,36.0,355.98,6.0
JAMROI,CSD,9,1119.643,-2.287,11.0,16.0,362.98,12.0
JAWTIK,CSD,8,870.369,-3.614,11.0,12.0,323.35,6.0
JAYQIJ,CSD,8,399.024,-1.05,0.0,12.0,130.26,0.0
JAZHAU,CSD,8,413.271,0.883,3.0,6.0,81.1,4.0
JEBQOA,CSD,9,973.694,3.458,8.0,9.0,253.11,14.0
JETLAY,CSD,8,395.221,2.585,1.0,3.0,69.72,3.0
JEZREP,CSD,8,558.075,-3.587,0.0,12.0,128.1,0.0
JIHSOM,CSD,8,643.193,2.217,0.0,12.0,138.88,6.0
JIMJUO,CSD,8,1127.919,-0.026,0.0,12.0,107.16,0.0
JINGAO,CSD,8,744.36,-1.321,6.0,8.0,215.22,4.0
JIWLAD,CSD,8,1090.028,-6.086,0.0,22.0,224.08,0.0
JIWLEH,CSD,8,1092.031,-6.086,0.0,22.0,224.08,0.0
JIWLIL,CSD,16,1114.047,-6.086,0.0,22.0,224.08,0.0
JIWLOR,CSD,16,1116.05,-6.086,0.0,22.0,224.08,0.0
JIWMAE,CSD,8,1134.067,-6.086,0.0,22.0,224.08,0.0
JOGVUW,CSD,8,356.007,-2.939,1.0,11.0,125.43,0.0
JOKMAX,CSD,9,1233.796,4.871,5.0,12.0,244.66,15.0
JOQWAN,CSD,12,1691.535,-4.125,0.0,48.0,553.62,0.0
JUDGEW,CSD,16,1872.062,-17.779,16.0,54.0,647.98,0.0
JUJHUR,CSD,9,941.537,1.403,7.0,9.0,244.32,7.0
JUQDOO,CSD,8,465.945,-5.896,0.0,14.0,161.94,0.0
JUVJAL10,CSD,14,737.505,0.977,4.0,8.0,188.77,8.0
JUXHAL,CSD,7,827.458,2.195,5.0,8.0,197.56,8.0
KANZOR,CSD,8,964.579,4.592,4.0,8.0,197.64,8.0
KAQWEG,CSD,8,478.171,1.099,0.0,6.0,81.24,3.0
KARPIE,CSD,7,726.37,-2.058,9.0,9.0,251.16,7.0
KEBKOR,CSD,8,493.187,1.659,0.0,5.0,98.31,2.0
KEBXOH,CSD,8,1438.451,-10.786,14.0,30.0,459.54,0.0
KECBUQ,CSD,8,642.215,-2.121,0.0,10.0,187.42,6.0
KEQTAE,CSD,8,756.345,3.431,4.0,10.0,182.8,6.0
KEQTEI,CSD,16,812.408,4.991,4.0,10.0,182.8,6.0
KEXZAQ,CSD,8,952.412,2.006,0.0,10.0,180.94,12.0
KEYMOU,CSD,8,1112.23,-5.81,0.0,20.0,161.94,4.0
KICKEM,CSD,8,919.911,-5.033,0.0,24.0,221.2,0.0
KIDFAI,CSD,16,680.422,-1.415,8.0,8.0,232.8,6.0
KIFKUJ,CSD,9,1321.262,-6.553,14.0,25.0,494.32,16.0
KIFLAQ,CSD,9,1089.464,-8.283,10.0,17.0,446.37,15.0
KIFLEU,CSD,10,1257.471,-2.944,10.0,18.0,378.75,2.0
KIFLIY,CSD,12,1350.644,-10.13,16.0,22.0,607.46,22.0
KIQYUE,CSD,16,592.326,3.043,4.0,6.0,142.7,1.0
KISJOP,CSD,12,382.047,-2.613,0.0,10.0,107.27,0.0
KISJUV,CSD,12,389.04,-2.613,0.0,10.0,107.27,0.0
KIZYOI,CSD,8,712.062,-0.253,0.0,14.0,179.14,5.0
KORYUO,CSD,8,354.137,4.015,0.0,4.0,40.62,0.0
KORZID,CSD,8,548.185,6.885,0.0,7.0,79.54,3.0
KUKHOR,CSD,12,870.38,1.648,2.0,12.0,210.5,6.0
KUPDIM,CSD,8,432.118,2.209,1.0,6.0,70.08,4.0
LACSUD,CSD,7,742.401,-1.878,8.0,9.0,258.23,9.0
LERHAV,CSD,16,830.563,2.141,6.0,8.0,215.22,10.0
LERHEZ,CSD,8,886.626,3.462,4.0,8.0,197.64,11.0
LERHOJ,CSD,8,968.574,3.411,4.0,9.0,209.08,10.0
LERHUP,CSD,8,872.61,3.072,4.0,8.0,197.64,10.0
LERJEB,CSD,10,1160.794,5.111,3.0,10.0,229.47,14.0
LERJIF,CSD,8,878.563,2.632,4.0,8.0,197.64,9.0
LERPIL,CSD,16,900.641,3.852,4.0,8.0,197.64,12.0
LERPOR,CSD,16,864.547,2.338,3.0,8.0,188.85,8.0
LERPUX,CSD,8,812.516,1.307,4.0,8.0,197.64,6.0
LERQAE,CSD,8,816.547,1.799,4.0,8.0,197.64,8.0
LERQEI,CSD,8,802.532,1.361,3.0,8.0,188.85,6.0
LERQIM,CSD,8,788.516,1.019,4.0,8.0,197.64,6.0
LERQUY,CSD,7,715.463,1.413,3.0,7.0,168.54,6.0
LERRAF,CSD,7,737.448,1.417,5.0,7.0,186.12,7.0
LERREJ,CSD,16,816.547,1.895,6.0,8.0,215.22,8.0
LERRIN,CSD,8,876.547,2.434,5.0,8.0,206.43,9.0
LERROT,CSD,8,802.532,1.409,4.0,8.0,197.64,7.0
LERRUZ,CSD,8,952.579,3.705,3.0,8.0,188.85,10.0
LERSAG,CSD,8,926.563,3.173,3.0,8.0,188.85,10.0
LERSEK,CSD,8,876.547,2.482,3.0,8.0,188.85,8.0
LERSIO,CSD,9,913.6,1.838,5.0,9.0,226.74,7.0
LERTAH,CSD,9,915.616,1.94,5.0,9.0,226.74,9.0
LERTEL,CSD,10,1138.715,3.844,5.0,10.0,247.05,13.0
LERTIP,CSD,10,1130.747,4.182,2.0,10.0,220.68,12.0
LERTOV,CSD,10,1186.809,5.597,2.0,10.0,220.68,14.0
LERTUB,CSD,10,1046.653,2.128,5.0,10.0,247.05,9.0
LERVOX,CSD,11,1227.8,4.171,5.0,11.0,267.36,13.0
LETHIE,CSD,9,931.647,2.432,8.0,9.0,253.11,12.0
LETMOQ,CSD,8,912.157,-19.372,0.0,24.0,483.52,16.0
LETPIM,CSD,9,973.694,3.458,8.0,9.0,253.11,14.0
LEXJEH,CSD,8,868.247,6.668,0.0,8.0,78.3,8.0
LEZQUD,CSD,12,335.21,2.474,2.0,4.0,75.63,7.0
LICCEJ,CSD,8,260.152,1.258,2.0,2.0,58.2,4.0
LIGYOP,CSD,8,2552.338,-4.491,0.0,56.0,585.04,0.0
LIGYUV,CSD,9,2552.338,-3.233,0.0,56.0,582.97,0.0
LIKCEO,CSD,7,771.396,0.752,5.0,8.0,203.19,8.0
LIRNAD,CSD,8,1680.248,3.019,0.0,28.0,345.32,0.0
LIRNEH,CSD,8,2396.302,6.663,7.0,43.0,456.02,26.0
LOLQEL,CSD,12,622.153,-2.466,0.0,12.0,107.27,0.0
LUPNUI,CSD,8,676.138,5.72,0.0,10.0,115.38,0.0
MAVFAU,CSD,7,780.42,-1.202,6.0,9.0,246.28,10.0
MAVFEY,CSD,7,780.42,-1.202,6.0,9.0,246.28,10.0
MAVFIC,CSD,14,912.384,-0.516,7.0,10.0,266.51,11.0
MEALVL10,CSD,7,1123.663,2.259,6.0,17.0,326.41,9.0
MEYROZ,CSD,8,642.304,1.439,3.0,8.0,158.63,4.0
MEYRUF,CSD,16,676.331,1.805,3.0,8.0,158.63,4.0
MIDJUE,CSD,12,2219.847,-10.123,3.0,41.0,435.81,0.0
MIDKAL,CSD,12,2171.862,-7.035,0.0,38.0,375.12,0.0
MIHDEN,CSD,8,952.673,4.632,4.0,8.0,197.64,8.0
MITJAC,CSD,12,1451.704,-6.827,17.0,19.0,565.71,30.0
MIWXOJ,CSD,10,565.42,2.655,5.0,5.0,145.5,10.0
MOQHIK,CSD,12,393.111,3.491,3.0,5.0,85.43,0.0
MUCYOZ,CSD,8,720.36,-1.51,8.0,8.0,232.8,4.0
MUKNIP,CSD,16,961.897,-8.556,0.0,24.0,327.93,0.0
MUKNOV,CSD,7,961.897,-10.035,2.0,25.0,330.9,0.0
MUKNUB,CSD,8,983.881,-6.402,3.0,28.0,302.96,0.0
MULCUT,CSD,8,868.047,0.149,2.0,14.0,118.16,1.0
NAMPIA,CSD,10,1201.841,3.581,5.0,13.0,276.59,15.0
NAYXEQ,CSD,12,583.189,4.665,0.0,6.0,90.36,7.0
NEHYAA,CSD,10,1136.663,2.858,7.0,11.0,276.07,11.0
NEJKIW,CSD,8,2044.136,-2.571,12.0,44.0,456.92,12.0
NEPMIE,CSD,8,792.366,1.96,8.0,12.0,240.84,8.0
NEPMUQ,CSD,8,778.351,1.57,8.0,12.0,240.84,7.0
NEPNAX,CSD,8,792.366,1.96,8.0,12.0,240.84,8.0
NEWNOS,CSD,11,768.096,-3.409,4.0,19.0,246.12,0.0
NEYYIA,CSD,12,556.139,-8.071,10.0,18.0,241.32,4.0
NICDOT,CSD,8,413.184,1.57,1.0,4.0,75.62,2.0
NIDKUH,CSD,8,794.203,0.169,0.0,15.0,114.43,6.0
NIRBUO,CSD,8,1260.96,-1.744,10.0,6.0,194.04,20.0
NITCEY,CSD,9,359.053,-2.074,0.0,9.0,78.9,0.0
NIWHEH,CSD,8,907.444,-2.128,11.0,12.0,327.79,11.0
NIXMAJ,CSD,10,1527.363,-2.139,16.0,26.0,527.79,8.0
NIZZUT,CSD,8,433.043,4.004,2.0,3.0,61.44,2.0
NOSVOG,CSD,16,1464.432,-3.652,19.0,25.0,559.75,13.0
NOYTAA,CSD,12,1010.629,2.289,3.0,16.0,243.6,6.0
NUCZUH,CSD,7,826.438,1.067,7.0,8.0,222.14,8.0
NULLOZ,CSD,10,856.506,0.964,6.0,11.0,233.68,13.0
NUPROJ,CSD,11,1292.585,-8.525,16.0,18.0,519.91,20.0
NUVBUB,CSD,8,573.993,-2.294,4.0,12.0,169.54,1.0
OCOKIE,CSD,8,1480.406,2.267,7.0,18.0,358.37,8.0
OCUFAT,CSD,8,525.913,-6.255,0.0,17.0,207.38,1.0
OFUDUR,CSD,16,1115.699,3.933,6.0,11.0,261.83,14.0
OFUZEY,CSD,8,398.145,-5.149,0.0,8.0,161.5,4.0
OHUNEO,CSD,8,447.216,3.29,1.0,5.0,82.44,0.0
OJOPIM,CSD,8,2564.331,-4.491,0.0,56.0,585.04,0.0
OPAQEC,CSD,8,2284.424,9.81,6.0,30.0,279.78,16.0
OXWEDT10,CSD,8,719.942,-2.759,0.0,14.0,161.1,0.0
PAMYOV,CSD,8,568.326,2.043,3.0,6.0,137.21,11.0
PANGET,CSD,7,1000.563,2.514,6.0,11.0,252.96,11.0
PEBSEV,CSD,8,1201.927,-11.724,12.0,34.0,386.6,0.0
PEBSIZ,CSD,8,1201.927,-11.724,12.0,34.0,386.6,0.0
PECMET,CSD,8,772.38,5.437,2.0,8.0,123.76,11.0
PIFZAI,CSD,10,1468.666,-1.176,17.0,19.0,496.54,17.0
PIJPAZ,CSD,11,1259.847,2.858,6.0,14.0,313.89,17.0
PIZNUI,CSD,16,756.453,0.095,8.0,8.0,232.8,5.0
POFSEI,CSD,8,1331.857,-11.067,16.0,24.0,466.68,4.0
POHMUU,CSD,8,1412.665,2.865,7.0,20.0,376.83,12.0
PUBQAI,CSD,12,2310.002,5.246,0.0,30.0,386.34,0.0
PUCDOG,CSD,8,2489.835,-7.434,2.0,42.0,379.26,0.0
PUVCOC,CSD,8,645.235,2.904,4.0,6.0,148.15,4.0
PUVDET,CSD,16,595.279,2.545,3.0,5.0,127.92,4.0
QABDUW,CSD,16,648.331,2.323,3.0,9.0,159.27,3.0
QANSOR,CSD,12,340.124,-0.565,1.0,3.0,63.22,2.0
QAPCIW,CSD,8,646.327,4.204,6.0,4.0,147.98,6.0
QARTIP,CSD,10,567.363,0.781,5.0,7.0,171.8,6.0
QAYBID,CSD,16,1414.605,3.942,8.0,16.0,363.48,1.0
QAYBOJ,CSD,8,1548.714,7.436,8.0,16.0,363.48,1.0
QAYBUP,CSD,16,1624.689,8.575,8.0,16.0,363.48,2.0
QAYCAW,CSD,16,1672.508,8.534,9.0,17.0,383.71,4.0
QEFHUE,CSD,16,1100.689,4.372,4.0,11.0,235.38,13.0
QENREG,CSD,8,488.263,0.906,4.0,6.0,142.7,1.0
QEWTUH,CSD,8,2337.778,-7.916,2.0,38.0,347.4,4.0
QISKOU,CSD,10,974.653,1.16,9.0,10.0,282.21,12.0
QOCGAT,CSD,12,510.244,-4.054,6.0,8.0,197.48,2.0
QONYEX,CSD,8,946.107,-4.901,0.0,16.0,241.76,8.0
QORJAM,CSD,8,1891.954,5.702,8.0,24.0,316.64,4.0
QOSNAN,CSD,7,714.28,-2.859,9.0,10.0,251.16,1.0
QUBWAL,CSD,8,2612.172,-0.315,23.0,45.0,725.11,20.0
QUCZIA,CSD,14,1043.569,3.363,7.0,13.0,287.18,16.0
QUHDOM,CSD,8,886.126,-3.262,4.0,16.0,267.4,0.0
QULNAP,CSD,8,261.081,-0.092,0.0,5.0,69.67,2.0
QUWTIP,CSD,8,1663.492,0.774,17.0,31.0,562.74,12.0
RALPAY,CSD,8,958.082,-4.202,8.0,24.0,329.32,9.0
RAQFOI,CSD,10,2153.325,-2.529,16.0,41.0,888.48,28.0
RARSOU,CSD,8,408.065,-1.896,0.0,10.0,128.1,0.0
RAZWEX,CSD,12,650.328,-3.176,0.0,10.0,158.78,14.0
RECKIW,CSD,8,312.094,-2.937,0.0,8.0,105.2,1.0
REDMIA01,CSD,11,1204.86,3.269,5.0,12.0,278.8,15.0
RESBIE,CSD,12,664.28,3.247,4.0,6.0,124.57,7.0
REZTAR,CSD,10,1211.235,2.885,14.0,18.0,400.64,2.0
RIMPAG,CSD,10,468.262,3.218,1.0,5.0,92.78,2.0
RIMPAG01,CSD,10,468.262,3.218,1.0,5.0,92.78,2.0
RIMROU,CSD,8,339.13,4.306,0.0,0.0,0.0,4.0
RIQBIE,CSD,8,482.253,1.025,2.0,7.0,92.37,0.0
RIRBID,CSD,12,1194.725,4.252,6.0,18.0,332.4,12.0
RIVLIS,CSD,12,1036.579,4.638,4.0,8.0,197.64,8.0
RIVLOY,CSD,12,1068.568,3.902,6.0,10.0,233.68,12.0
RIWZIJ,CSD,16,766.495,-0.636,9.0,9.0,253.03,11.0
RIWZUV,CSD,8,792.417,-1.269,9.0,9.0,253.03,9.0
RIXBAE,CSD,8,850.47,-0.615,9.0,9.0,282.89,10.0
ROXLEX,CSD,8,466.233,-0.363,4.0,6.0,150.86,4.0
RUBLIN,CSD,9,1062.767,6.638,8.0,11.0,268.33,20.0
RUCBEX,CSD,8,666.02,0.977,0.0,4.0,81.24,6.0
RUMQOF,CSD,8,346.993,-2.382,0.0,10.0,105.2,0.0
RUSJEX,CSD,9,1376.644,1.196,14.0,16.0,428.08,17.0
RUSPON,CSD,14,1057.548,3.215,8.0,13.0,311.95,17.0
RUSPUT,CSD,7,1057.548,3.215,8.0,13.0,311.95,17.0
SACBIL,CSD,8,298.168,2.16,0.0,2.0,40.62,0.0
SAFVOM,CSD,9,1057.603,3.408,7.0,10.0,244.32,14.0
SAKFUF,CSD,8,418.135,-2.411,0.0,10.0,143.06,1.0
SARVIP,CSD,8,1394.827,-0.14,16.0,18.0,504.55,33.0
SEDTMO,CSD,12,1579.572,-7.701,0.0,38.0,386.28,0.0
SEFTIG,CSD,8,308.148,-1.786,2.0,4.0,98.82,0.0
SIHPUW,CSD,8,300.09,3.453,2.0,4.0,58.2,0.0
SIRJEL,CSD,12,3839.122,2.344,24.0,36.0,502.62,0.0
SIRJIP,CSD,8,1783.938,0.745,16.0,28.0,297.0,0.0
SIRKAI,CSD,12,3545.158,3.709,30.0,42.0,447.42,0.0
SIRKIQ,CSD,12,3281.461,2.773,30.0,42.0,447.42,0.0
SOBQAB,CSD,8,1057.897,-4.484,0.0,24.0,325.86,0.0
SOFNIL,CSD,8,377.126,2.374,0.0,6.0,72.91,1.0
SUMNOD,CSD,7,814.401,-0.537,7.0,10.0,229.82,5.0
SUQNUN,CSD,11,1187.826,2.927,6.0,12.0,287.59,15.0
TALDEP,CSD,12,602.31,2.239,3.0,6.0,137.21,11.0
TALVAD,CSD,7,770.433,-1.242,8.0,9.0,258.23,10.0
TATSEN,CSD,9,1903.895,-21.202,4.0,48.0,529.08,0.0
TIFKOI,CSD,12,651.255,1.915,3.0,9.0,186.9,0.0
TIYFAL,CSD,9,1324.613,-0.085,14.0,16.0,428.08,15.0
TOHFUV,CSD,7,966.412,-0.242,10.0,12.0,311.0,5.0
TOXMEY,CSD,8,383.078,3.064,0.0,0.0,0.0,4.0
TUCMEJ,CSD,8,1449.445,-3.688,18.0,24.0,541.14,13.0
TUCMEJ01,CSD,8,1448.437,-2.972,18.0,24.0,539.52,13.0
TUCMEL,CSD,10,1128.468,3.404,7.0,15.0,332.65,17.0
UBOZOA,CSD,8,516.216,2.557,0.0,8.0,61.83,0.0
UCITOS,CSD,8,490.064,-2.764,0.0,12.0,105.2,0.0
UFANIY,CSD,8,2564.331,-4.491,0.0,56.0,585.04,0.0
UFANOE,CSD,8,2564.331,-4.491,0.0,56.0,585.04,0.0
UFIZUG,CSD,8,1630.044,-14.686,12.0,46.0,556.26,0.0
UFOBAU,CSD,16,3002.096,-21.926,12.0,80.0,869.76,0.0
UFUQOC,CSD,8,696.367,2.369,4.0,8.0,158.3,8.0
UGOWET,CSD,10,1211.743,1.576,11.0,13.0,354.56,18.0
UGOWIX,CSD,10,1273.759,2.409,11.0,13.0,354.56,19.0
UKIZUK,CSD,8,258.137,1.109,1.0,2.0,49.41,2.0
UKOBEC,CSD,12,258.137,1.109,1.0,2.0,49.41,2.0
UKUVIF,CSD,8,791.368,5.582,1.0,6.0,121.78,8.0
UNIBAW,CSD,8,392.069,2.869,2.0,6.0,76.66,4.0
UNONES,CSD,15,565.42,2.655,5.0,5.0,145.5,10.0
UNUHUI,CSD,8,1616.739,7.49,8.0,16.0,363.48,8.0
UNUJAQ,CSD,16,1312.614,2.599,8.0,16.0,363.48,0.0
UXOHIZ,CSD,8,872.422,1.825,8.0,8.0,232.8,4.0
UXOYOX,CSD,8,760.297,-4.306,0.0,8.0,162.48,8.0
UZUKUW,CSD,8,754.401,-1.768,7.0,9.0,235.45,5.0
VAGGAM,CSD,10,810.062,-11.327,4.0,26.0,271.14,0.0
VAJPUV,CSD,8,910.549,-5.613,10.0,12.0,368.34,18.0
VALINO,CSD,12,1110.631,2.343,6.0,18.0,332.4,9.0
VARGEB,CSD,16,1704.465,-6.975,0.0,32.0,513.92,12.0
VEDJIX,CSD,10,1164.547,2.43,6.0,11.0,255.84,9.0
VEDJOD,CSD,10,1168.578,3.078,6.0,11.0,255.84,9.0
VEDJUJ,CSD,10,1164.547,2.43,6.0,11.0,255.84,9.0
VEGROO,CSD,12,634.348,0.749,6.0,6.0,174.6,8.0
VEGWIN,CSD,8,1190.042,-6.324,2.0,28.0,254.0,0.0
VEHFOG,CSD,7,1027.574,4.39,6.0,12.0,266.95,15.0
VEHFUM,CSD,7,1041.554,3.415,6.0,13.0,278.39,13.0
VEHGAT,CSD,7,1057.548,3.455,7.0,13.0,304.25,16.0
VEHGEX,CSD,14,1041.554,4.242,7.0,12.0,291.72,16.0
VEJGEY,CSD,8,997.445,1.935,0.0,13.0,211.65,10.0
VEJGIC,CSD,16,1994.889,3.871,0.0,26.0,423.3,20.0
VEJGUO,CSD,8,876.381,1.315,2.0,10.0,198.52,10.0
VENXER,CSD,10,1198.809,6.066,6.0,10.0,255.84,10.0
VEYLEQ,CSD,16,896.516,2.433,6.0,8.0,215.22,7.0
VIXQAU,CSD,8,729.284,-8.22,9.0,11.0,287.82,8.0
VOLHIO,CSD,8,650.308,0.924,4.0,10.0,155.14,8.0
VOXHAV,CSD,8,2851.928,1.089,0.0,48.0,605.36,0.0
VPGVGB10,CSD,15,1227.698,-4.485,12.0,15.0,410.13,6.0
VUJRIE,CSD,12,1102.378,-0.246,4.0,16.0,301.8,6.0
VUJROK,CSD,12,1054.433,-0.054,4.0,17.0,301.8,6.0
VUJRUQ,CSD,12,1048.477,0.549,4.0,16.0,301.8,6.0
VUMXOR,CSD,8,343.124,3.697,0.0,4.0,46.61,4.0
WALDEW,CSD,12,594.41,1.432,0.0,6.0,121.86,12.0
WELRAG,CSD,8,353.011,-2.939,1.0,11.0,125.43,0.0
WEPWIB,CSD,12,763.87,0.623,4.0,10.0,159.06,2.0
WEPWOH,CSD,12,657.961,1.229,4.0,10.0,136.16,2.0
WEXPUK,CSD,7,675.323,0.424,2.0,11.0,210.69,6.0
WILTAO,CSD,8,1051.903,-9.215,0.0,26.0,293.88,0.0
WIPYAV,CSD,8,659.245,-0.551,6.0,9.0,204.4,7.0
WIPZOK,CSD,8,1396.194,-2.578,4.0,28.0,311.24,0.0
WIQQUL,CSD,8,920.507,-4.2,0.0,16.0,236.32,24.0
WIXWEJ,CSD,8,2085.142,10.351,13.0,18.0,476.97,8.0
WOVKAX,CSD,10,1170.705,1.784,10.0,12.0,313.88,14.0
WOVKEB,CSD,10,1170.705,1.784,10.0,12.0,313.88,14.0
WUPWAG,CSD,8,1449.445,-1.637,19.0,23.0,536.69,13.0
XAGGOC,CSD,7,1187.695,1.442,9.0,13.0,325.4,17.0
XEDKOH,CSD,7,879.489,3.084,4.0,8.0,188.77,10.0
XEFYIU,CSD,12,1300.655,-6.353,0.0,20.0,317.56,28.0
XEFYOA,CSD,12,1300.655,-6.353,0.0,20.0,317.56,28.0
XEFYUG,CSD,12,1140.445,-6.458,0.0,12.0,243.72,12.0
XEFZOB,CSD,12,1300.655,-6.353,0.0,20.0,317.56,28.0
XILYOJ,CSD,16,1353.801,-0.413,16.0,18.0,481.69,31.0
XINPAN,CSD,12,622.442,1.913,6.0,6.0,174.6,8.0
XIWJEW,CSD,12,597.363,2.99,3.0,9.0,166.2,12.0
XOCQEP,CSD,8,591.95,-3.762,2.0,14.0,209.92,0.0
XUGZEG,CSD,8,257.005,-3.543,0.0,5.0,121.3,0.0
XUHKES,CSD,8,258.002,-3.543,0.0,5.0,121.3,0.0
XUZGEG,CSD,8,594.088,-0.51,0.0,8.0,105.2,4.0
XUZGIK,CSD,8,546.144,0.494,0.0,9.0,105.2,4.0
YAGKOG,CSD,8,1116.683,3.863,5.0,12.0,255.61,13.0
YALYEQ,CSD,8,364.236,2.514,0.0,6.0,59.08,1.0
YAVJEL,CSD,8,622.018,-6.518,0.0,18.0,196.08,3.0
YAXQIX,CSD,15,958.532,2.87,5.0,9.0,200.8,10.0
YAXVAX,CSD,12,272.969,-3.893,0.0,8.0,120.94,0.0
YAZNOG,CSD,11,577.138,-3.213,1.0,11.0,114.6,0.0
YICMUS,CSD,12,1020.455,-2.239,13.0,12.0,335.46,17.0
YILMUB,CSD,12,720.551,4.212,3.0,6.0,148.23,12.0
YIRPOG,CSD,12,1242.94,4.085,10.0,10.0,328.7,26.0
YIYJUN,CSD,8,1212.583,-0.833,6.0,16.0,348.02,4.0
YODLAG,CSD,10,1188.772,-3.084,12.0,10.0,383.98,19.0
YOKLEP,CSD,16,752.158,2.603,4.0,12.0,145.76,3.0
YOLRUO,CSD,12,512.263,0.626,3.0,6.0,137.21,9.0
YUNXOV,CSD,12,1152.678,3.514,6.0,18.0,332.4,12.0
ZADREB,CSD,11,1213.841,3.723,4.0,12.0,275.64,15.0
ZAJDUJ,CSD,11,1259.829,4.556,4.0,13.0,275.64,16.0
ZARZOH,CSD,12,450.223,-2.872,2.0,6.0,139.44,0.0
ZASQOZ,CSD,12,639.409,3.152,0.0,9.0,139.83,6.0
ZAZQIA,CSD,10,1294.664,3.115,8.0,14.0,326.02,14.0
ZEYXOT,CSD,10,1561.62,-0.318,17.0,24.0,585.87,23.0
ZICHUQ,CSD,8,665.137,4.701,3.0,11.0,138.33,4.0
ZICSEN,CSD,12,1062.249,-0.342,6.0,18.0,298.02,4.0
ZIGWEV,CSD,8,832.46,-0.157,7.0,9.0,243.9,8.0
ZIGWIZ,CSD,8,872.443,-0.354,7.0,10.0,246.89,7.0
ZIQMAQ,CSD,8,800.349,-4.279,0.0,10.0,180.94,12.0
ZOHMIS,CSD,7,767.458,0.779,6.0,8.0,206.35,9.0
ZORRED,CSD,7,713.411,0.249,7.0,8.0,215.14,8.0
ZOVYAK,CSD,8,1291.439,-7.363,0.0,20.0,210.4,0.0
ZUCFUA,CSD,8,770.205,2.536,3.0,12.0,138.66,9.0
506.0,MacrocycleDB,9,1696.793,-8.461,24.0,24.0,732.89,30.0
533.0,MacrocycleDB,8,933.486,-0.078,9.0,9.0,277.12,10.0
534.0,MacrocycleDB,8,976.516,-2.319,15.0,13.0,378.25,21.0
550.0,MacrocycleDB,13,2513.905,-9.75,34.0,38.0,1046.02,48.0
551.0,MacrocycleDB,13,2562.015,-6.548,34.0,38.0,994.81,51.0
597.0,MacrocycleDB,10,1383.487,-3.087,16.0,21.0,472.87,14.0
598.0,MacrocycleDB,10,1395.487,-2.991,15.0,21.0,464.08,13.0
599.0,MacrocycleDB,10,1311.476,-4.307,15.0,21.0,455.63,10.0
600.0,MacrocycleDB,10,1359.512,-1.863,15.0,20.0,444.19,15.0
601.0,MacrocycleDB,10,1371.512,-1.767,14.0,20.0,435.4,14.0
753.0,MacrocycleDB,7,1267.74,-1.609,16.0,16.0,479.0,16.0
757.0,MacrocycleDB,11,1320.882,3.005,6.0,15.0,302.27,19.0
761.0,MacrocycleDB,15,1373.586,-7.06,17.0,20.0,534.12,11.0
765.0,MacrocycleDB,15,2548.17,-16.562,39.0,38.0,1150.45,50.0
767.0,MacrocycleDB,9,2197.145,-5.086,31.0,27.0,862.14,38.0
768.0,MacrocycleDB,9,2217.114,-4.716,31.0,27.0,862.14,39.0
769.0,MacrocycleDB,9,2155.098,-5.993,31.0,27.0,862.14,37.0
770.0,MacrocycleDB,9,2099.035,-7.41,31.0,27.0,862.14,36.0
771.0,MacrocycleDB,9,2150.083,-5.683,31.0,27.0,847.73,37.0
772.0,MacrocycleDB,9,2159.039,-6.676,31.0,28.0,862.14,39.0
773.0,MacrocycleDB,9,2141.082,-6.239,31.0,27.0,862.14,39.0
774.0,MacrocycleDB,9,2142.066,-5.784,31.0,27.0,856.35,38.0
901.0,MacrocycleDB,13,1640.595,-10.631,23.0,28.0,695.26,18.0
921.0,MacrocycleDB,13,1641.579,-10.115,21.0,27.0,697.72,17.0
934.0,MacrocycleDB,7,1584.621,-2.52,19.0,21.0,561.55,21.0
975.0,MacrocycleDB,7,1594.631,-1.243,18.0,20.0,532.87,21.0
988.0,MacrocycleDB,13,1652.595,-9.121,22.0,27.0,692.1,18.0
1010.0,MacrocycleDB,13,1652.595,-10.392,22.0,28.0,686.47,17.0
1125.0,MacrocycleDB,13,1650.58,-9.27,21.0,27.0,683.31,17.0
1128.0,MacrocycleDB,13,1650.616,-8.973,21.0,27.0,666.24,18.0
1131.0,MacrocycleDB,13,1650.616,-9.117,21.0,27.0,666.24,17.0
1142.0,MacrocycleDB,13,1651.6,-8.517,21.0,27.0,660.45,17.0
1174.0,MacrocycleDB,13,1651.6,-8.517,21.0,27.0,660.45,17.0
1216.0,MacrocycleDB,9,1033.46,-3.221,14.0,14.0,431.33,18.0
1277.0,MacrocycleDB,8,1289.614,-4.857,18.0,18.0,558.64,25.0
1278.0,MacrocycleDB,8,1275.598,-5.247,18.0,18.0,558.64,24.0
1279.0,MacrocycleDB,8,1261.583,-5.637,18.0,18.0,558.64,23.0
1280.0,MacrocycleDB,8,1291.593,-5.541,19.0,19.0,578.87,24.0
1281.0,MacrocycleDB,8,1029.461,-6.115,16.0,16.0,500.44,17.0
1282.0,MacrocycleDB,8,1030.445,-5.516,16.0,16.0,494.65,17.0
1283.0,MacrocycleDB,8,1029.461,-6.115,16.0,16.0,500.44,17.0
1284.0,MacrocycleDB,8,1029.461,-6.115,16.0,16.0,500.44,17.0
1285.0,MacrocycleDB,8,1029.461,-6.115,16.0,16.0,500.44,17.0
1286.0,MacrocycleDB,8,1029.461,-6.115,16.0,16.0,500.44,17.0
1287.0,MacrocycleDB,8,1029.461,-6.115,16.0,16.0,500.44,17.0
1288.0,MacrocycleDB,8,1029.461,-6.115,16.0,16.0,500.44,17.0
1289.0,MacrocycleDB,8,1029.461,-6.115,16.0,16.0,500.44,17.0
1290.0,MacrocycleDB,8,1029.461,-6.115,16.0,16.0,500.44,17.0
1291.0,MacrocycleDB,8,1102.457,-5.437,17.0,16.0,516.23,17.0
1292.0,MacrocycleDB,7,1473.534,-2.238,16.0,20.0,496.83,16.0
1293.0,MacrocycleDB,11,1289.65,-3.993,18.0,18.0,541.57,26.0
1294.0,MacrocycleDB,7,1029.461,-6.115,16.0,16.0,500.44,15.0
1295.0,MacrocycleDB,8,1402.746,-5.369,20.0,20.0,602.48,28.0
1296.0,MacrocycleDB,7,1473.534,-2.238,16.0,20.0,496.83,16.0
1300.0,MacrocycleDB,8,763.398,-4.042,10.0,10.0,314.42,8.0
1304.0,MacrocycleDB,8,777.413,-3.654,10.0,10.0,314.42,8.0
1305.0,MacrocycleDB,8,777.413,-3.654,10.0,10.0,314.42,8.0
1323.0,MacrocycleDB,8,805.445,-3.016,10.0,10.0,314.42,10.0
1324.0,MacrocycleDB,8,821.403,-4.199,11.0,11.0,351.72,10.0
1325.0,MacrocycleDB,8,819.46,-2.628,10.0,10.0,314.42,10.0
1326.0,MacrocycleDB,8,819.46,-2.628,10.0,10.0,314.42,10.0
1327.0,MacrocycleDB,8,819.46,-2.628,10.0,10.0,314.42,10.0
1341.0,MacrocycleDB,8,835.492,-2.136,10.0,10.0,314.42,11.0
1342.0,MacrocycleDB,8,835.492,-2.136,10.0,10.0,314.42,11.0
1346.0,MacrocycleDB,8,834.471,-3.545,11.0,11.0,340.44,12.0
1347.0,MacrocycleDB,8,833.476,-2.365,10.0,10.0,300.43,11.0
1348.0,MacrocycleDB,8,835.455,-3.655,11.0,11.0,334.65,11.0
1357.0,MacrocycleDB,9,846.471,-3.645,10.0,11.0,323.29,8.0
1361.0,MacrocycleDB,8,849.507,-1.746,10.0,10.0,314.42,12.0
1362.0,MacrocycleDB,8,849.507,-1.746,10.0,10.0,314.42,12.0
1363.0,MacrocycleDB,8,839.429,-2.301,10.0,10.0,314.42,9.0
1364.0,MacrocycleDB,8,839.429,-2.301,10.0,10.0,314.42,9.0
1365.0,MacrocycleDB,8,839.429,-2.821,10.0,10.0,314.42,9.0
1366.0,MacrocycleDB,8,864.518,-2.663,11.0,11.0,340.44,14.0
1367.0,MacrocycleDB,8,864.518,-2.663,11.0,11.0,340.44,14.0
1372.0,MacrocycleDB,8,862.466,-3.902,11.0,11.0,343.52,11.0
1378.0,MacrocycleDB,8,853.445,-2.287,10.0,10.0,314.42,11.0
1379.0,MacrocycleDB,8,853.445,-2.431,10.0,10.0,314.42,10.0
1380.0,MacrocycleDB,8,853.445,-2.431,10.0,10.0,314.42,10.0
1381.0,MacrocycleDB,8,853.445,-2.431,10.0,10.0,314.42,10.0
1383.0,MacrocycleDB,7,840.439,-1.385,10.0,9.0,289.83,9.0
1389.0,MacrocycleDB,8,868.456,-3.348,11.0,11.0,340.44,12.0
1395.0,MacrocycleDB,8,892.513,-2.874,11.0,11.0,343.52,15.0
1396.0,MacrocycleDB,8,892.513,-2.874,11.0,11.0,343.52,15.0
1397.0,MacrocycleDB,8,892.513,-2.874,11.0,11.0,343.52,15.0
1399.0,MacrocycleDB,7,868.434,-1.469,10.0,9.0,306.9,10.0
1402.0,MacrocycleDB,8,883.455,-3.07,11.0,11.0,334.65,11.0
1404.0,MacrocycleDB,9,888.518,-2.619,10.0,11.0,323.29,10.0
1405.0,MacrocycleDB,9,888.518,-2.619,10.0,11.0,323.29,10.0
1410.0,MacrocycleDB,8,883.492,-1.549,10.0,10.0,314.42,12.0
1411.0,MacrocycleDB,8,883.492,-1.549,10.0,10.0,314.42,12.0
1416.0,MacrocycleDB,8,892.456,-1.95,11.0,10.0,330.21,10.0
1417.0,MacrocycleDB,8,887.429,-2.235,10.0,10.0,314.42,10.0
1418.0,MacrocycleDB,8,904.549,-1.868,11.0,11.0,326.45,16.0
1433.0,MacrocycleDB,8,897.471,-2.682,11.0,11.0,334.65,11.0
1436.0,MacrocycleDB,8,920.544,-2.094,11.0,11.0,343.52,17.0
1443.0,MacrocycleDB,8,900.461,-2.445,10.0,10.0,320.21,10.0
1446.0,MacrocycleDB,10,919.488,-4.645,12.0,12.0,372.62,8.0
1475.0,MacrocycleDB,8,914.513,-1.192,10.0,10.0,303.14,12.0
1480.0,MacrocycleDB,8,946.56,-1.689,11.0,11.0,329.53,17.0
1494.0,MacrocycleDB,8,928.528,-0.802,10.0,10.0,303.14,13.0
1495.0,MacrocycleDB,8,930.508,-2.219,11.0,11.0,323.37,13.0
1498.0,MacrocycleDB,10,961.535,-3.618,12.0,12.0,372.62,10.0
1499.0,MacrocycleDB,10,961.535,-3.618,12.0,12.0,372.62,10.0
1500.0,MacrocycleDB,10,961.535,-3.618,12.0,12.0,372.62,10.0
1501.0,MacrocycleDB,10,961.535,-3.618,12.0,12.0,372.62,10.0
1502.0,MacrocycleDB,10,961.535,-3.618,12.0,12.0,372.62,10.0
1503.0,MacrocycleDB,10,961.535,-3.618,12.0,12.0,372.62,10.0
1504.0,MacrocycleDB,10,961.535,-3.618,12.0,12.0,372.62,10.0
1533.0,MacrocycleDB,8,948.497,-0.838,9.0,10.0,294.35,11.0
1534.0,MacrocycleDB,8,948.497,-1.186,9.0,10.0,294.35,11.0
1535.0,MacrocycleDB,8,948.497,-1.186,9.0,10.0,294.35,11.0
1536.0,MacrocycleDB,8,948.497,-1.139,10.0,10.0,303.14,11.0
1537.0,MacrocycleDB,8,948.497,-0.838,9.0,10.0,294.35,11.0
1538.0,MacrocycleDB,8,948.497,-0.838,9.0,10.0,294.35,11.0
1540.0,MacrocycleDB,8,947.502,0.312,9.0,9.0,277.12,11.0
1541.0,MacrocycleDB,8,949.481,-1.106,10.0,10.0,297.35,11.0
1551.0,MacrocycleDB,8,958.502,-2.303,11.0,11.0,340.44,14.0
1552.0,MacrocycleDB,8,956.523,-0.885,10.0,10.0,320.21,14.0
1606.0,MacrocycleDB,8,972.518,-1.913,11.0,11.0,340.44,15.0
1613.0,MacrocycleDB,8,962.513,-0.749,10.0,10.0,303.14,12.0
1614.0,MacrocycleDB,8,962.513,-0.795,9.0,10.0,294.35,12.0
1615.0,MacrocycleDB,8,964.492,-2.167,11.0,11.0,323.37,12.0
1616.0,MacrocycleDB,8,962.476,-1.611,10.0,10.0,320.21,12.0
1617.0,MacrocycleDB,8,962.476,-1.093,10.0,10.0,320.21,11.0
1620.0,MacrocycleDB,8,961.517,0.558,9.0,9.0,277.12,11.0
1621.0,MacrocycleDB,8,963.497,-0.717,10.0,10.0,297.35,11.0
1629.0,MacrocycleDB,8,976.492,-1.269,9.0,10.0,311.42,12.0
1630.0,MacrocycleDB,8,978.508,-1.777,11.0,11.0,323.37,13.0
1631.0,MacrocycleDB,8,976.492,-1.269,9.0,10.0,311.42,12.0
1632.0,MacrocycleDB,8,976.492,-0.921,9.0,10.0,311.42,12.0
1633.0,MacrocycleDB,8,976.492,-0.921,9.0,10.0,311.42,12.0
1634.0,MacrocycleDB,8,975.533,0.948,9.0,9.0,277.12,12.0
1635.0,MacrocycleDB,8,975.533,1.092,9.0,9.0,277.12,13.0
1636.0,MacrocycleDB,8,977.476,-0.623,10.0,10.0,314.42,12.0
1654.0,MacrocycleDB,10,1005.561,-3.869,13.0,13.0,392.85,11.0
1655.0,MacrocycleDB,10,1005.561,-3.869,13.0,13.0,392.85,11.0
1656.0,MacrocycleDB,10,1005.561,-3.869,13.0,13.0,392.85,11.0
1657.0,MacrocycleDB,10,1005.561,-3.869,13.0,13.0,392.85,11.0
1658.0,MacrocycleDB,10,1005.561,-3.869,13.0,13.0,392.85,11.0
1664.0,MacrocycleDB,8,977.498,-1.935,12.0,11.0,347.61,11.0
1665.0,MacrocycleDB,8,984.566,-0.887,12.0,10.0,339.02,15.0
1669.0,MacrocycleDB,8,998.581,-0.497,12.0,10.0,339.02,16.0
1670.0,MacrocycleDB,8,1000.561,-1.915,13.0,11.0,359.25,16.0
1672.0,MacrocycleDB,7,1015.506,-0.592,11.0,11.0,336.0,14.0
1675.0,MacrocycleDB,7,1050.401,-5.938,13.0,16.0,450.22,13.0
1682.0,MacrocycleDB,8,988.492,-0.997,9.0,10.0,311.42,10.0
1683.0,MacrocycleDB,8,987.508,-0.658,11.0,10.0,318.93,11.0
1687.0,MacrocycleDB,8,992.487,-2.25,11.0,11.0,340.44,13.0
1688.0,MacrocycleDB,8,991.492,-0.233,10.0,10.0,314.42,13.0
1701.0,MacrocycleDB,8,1006.502,-1.86,11.0,11.0,340.44,14.0
1706.0,MacrocycleDB,8,1014.576,-1.525,13.0,11.0,359.25,17.0
1711.0,MacrocycleDB,14,1713.766,-3.571,22.0,21.0,615.62,21.0
1726.0,MacrocycleDB,7,998.476,0.455,10.0,10.0,320.21,10.0
1727.0,MacrocycleDB,7,998.476,0.455,10.0,10.0,320.21,10.0
1730.0,MacrocycleDB,8,999.508,-0.132,10.0,10.0,305.8,12.0
1731.0,MacrocycleDB,8,1005.493,-2.018,12.0,11.0,364.68,12.0
1732.0,MacrocycleDB,8,1015.503,-0.741,11.0,10.0,336.0,12.0
1733.0,MacrocycleDB,8,1009.517,1.145,9.0,9.0,277.12,12.0
1734.0,MacrocycleDB,7,1078.444,-6.02,14.0,16.0,485.52,16.0
1759.0,MacrocycleDB,12,1510.731,-2.912,16.0,21.0,522.65,18.0
1764.0,MacrocycleDB,14,1512.722,-5.093,18.0,21.0,546.71,18.0
1770.0,MacrocycleDB,8,1018.539,-0.196,10.0,10.0,320.21,14.0
1838.0,MacrocycleDB,15,1738.818,-5.142,25.0,22.0,670.94,24.0
1840.0,MacrocycleDB,8,1032.566,-0.445,12.0,10.0,339.02,15.0
1841.0,MacrocycleDB,8,1034.545,-1.862,13.0,11.0,359.25,15.0
1847.0,MacrocycleDB,14,1650.78,-2.828,20.0,20.0,571.15,22.0
1848.0,MacrocycleDB,8,1033.55,-1.113,11.0,11.0,346.23,16.0
1851.0,MacrocycleDB,9,1045.571,-1.739,12.0,12.0,369.54,16.0
1852.0,MacrocycleDB,16,1890.023,-5.321,28.0,25.0,735.01,31.0
1853.0,MacrocycleDB,15,1788.976,-4.187,26.0,23.0,685.68,30.0
1855.0,MacrocycleDB,14,1693.833,-3.177,20.0,21.0,580.97,20.0
1856.0,MacrocycleDB,7,1214.548,-1.279,14.0,15.0,414.01,15.0
1858.0,MacrocycleDB,14,1965.951,-1.203,24.0,22.0,667.11,27.0
1859.0,MacrocycleDB,14,1923.904,-2.23,27.0,22.0,693.48,27.0
1860.0,MacrocycleDB,14,1910.861,-1.286,24.0,22.0,660.09,26.0
1861.0,MacrocycleDB,14,1924.877,-0.944,23.0,22.0,651.3,26.0
1862.0,MacrocycleDB,14,1993.946,-0.719,24.0,22.0,684.18,29.0
1863.0,MacrocycleDB,14,1979.93,-1.109,24.0,22.0,684.18,28.0
1864.0,MacrocycleDB,14,1986.892,0.576,22.0,22.0,642.51,26.0
1865.0,MacrocycleDB,14,1982.916,-3.767,28.0,23.0,754.87,30.0
1866.0,MacrocycleDB,14,1937.919,-1.888,26.0,22.0,684.69,27.0
1867.0,MacrocycleDB,14,1871.898,-1.834,25.0,21.0,656.01,25.0
1868.0,MacrocycleDB,14,1861.888,-3.11,26.0,22.0,684.69,25.0
1869.0,MacrocycleDB,14,1852.855,-1.131,23.0,21.0,622.79,23.0
1870.0,MacrocycleDB,14,1822.877,-3.592,25.0,22.0,668.9,25.0
1871.0,MacrocycleDB,14,1852.855,-1.131,23.0,21.0,622.79,23.0
1872.0,MacrocycleDB,14,1824.849,-0.265,21.0,21.0,586.91,23.0
1873.0,MacrocycleDB,14,1863.86,-0.459,22.0,21.0,607.0,23.0
1874.0,MacrocycleDB,14,1826.84,-1.617,24.0,21.0,631.58,23.0
1875.0,MacrocycleDB,14,1810.809,-2.157,23.0,21.0,622.79,21.0
1876.0,MacrocycleDB,14,1886.84,-0.934,23.0,21.0,622.79,23.0
1877.0,MacrocycleDB,14,1858.87,1.688,19.0,19.0,556.3,20.0
1878.0,MacrocycleDB,14,1947.897,2.906,21.0,19.0,580.88,22.0
1880.0,MacrocycleDB,8,1316.577,4.95,8.0,14.0,287.8,7.0
1881.0,MacrocycleDB,8,1316.577,4.95,8.0,14.0,287.8,7.0
1882.0,MacrocycleDB,8,1328.577,4.493,8.0,14.0,287.8,7.0
1883.0,MacrocycleDB,8,1328.577,4.493,8.0,14.0,287.8,7.0
1884.0,MacrocycleDB,8,1314.562,3.839,9.0,14.0,298.8,6.0
1885.0,MacrocycleDB,8,1314.562,3.839,9.0,14.0,298.8,6.0
1886.0,MacrocycleDB,8,1330.593,4.717,8.0,14.0,287.8,7.0
1887.0,MacrocycleDB,8,1343.588,3.432,9.0,15.0,313.82,8.0
1888.0,MacrocycleDB,8,1343.588,3.432,9.0,15.0,313.82,8.0
1889.0,MacrocycleDB,8,1343.588,3.432,9.0,15.0,313.82,8.0
1890.0,MacrocycleDB,8,1343.588,3.432,9.0,15.0,313.82,8.0
1891.0,MacrocycleDB,8,1408.59,2.194,9.0,19.0,344.67,5.0
1892.0,MacrocycleDB,8,1567.679,1.733,10.0,22.0,392.23,14.0
1893.0,MacrocycleDB,8,1610.733,2.48,9.0,21.0,366.21,15.0
1894.0,MacrocycleDB,8,1610.733,2.48,9.0,21.0,366.21,15.0
1895.0,MacrocycleDB,8,1793.757,2.616,12.0,24.0,436.44,20.0
1896.0,MacrocycleDB,8,1408.59,2.194,9.0,19.0,344.67,5.0
1926.0,MacrocycleDB,9,1045.571,-1.739,12.0,12.0,369.54,16.0
1941.0,MacrocycleDB,8,3356.811,-14.028,61.0,50.0,1582.66,80.0
1942.0,MacrocycleDB,8,3260.913,-16.758,61.0,48.0,1601.12,80.0
1943.0,MacrocycleDB,8,1752.795,-0.608,20.0,29.0,629.57,19.0
1961.0,MacrocycleDB,7,1214.548,-1.279,14.0,15.0,414.01,15.0
1962.0,MacrocycleDB,7,1318.61,0.506,14.0,15.0,414.01,15.0
1963.0,MacrocycleDB,7,1318.61,0.506,14.0,15.0,414.01,15.0
1964.0,MacrocycleDB,7,1318.61,0.506,14.0,15.0,414.01,15.0
1965.0,MacrocycleDB,7,1242.579,-0.499,14.0,15.0,414.01,15.0
1966.0,MacrocycleDB,7,1346.642,1.286,14.0,15.0,414.01,15.0
1967.0,MacrocycleDB,7,1346.642,1.286,14.0,15.0,414.01,15.0
1968.0,MacrocycleDB,7,1346.642,1.286,14.0,15.0,414.01,15.0
1969.0,MacrocycleDB,15,2053.953,-4.119,32.0,24.0,810.34,33.0
1970.0,MacrocycleDB,15,2158.016,-2.333,32.0,24.0,810.34,33.0
1971.0,MacrocycleDB,15,2158.016,-2.333,32.0,24.0,810.34,33.0
1972.0,MacrocycleDB,15,2158.016,-2.333,32.0,24.0,810.34,33.0
1973.0,MacrocycleDB,15,2201.947,-2.059,32.0,24.0,810.34,33.0
1974.0,MacrocycleDB,15,2096.0,-3.644,32.0,24.0,810.34,33.0
1975.0,MacrocycleDB,15,2109.979,-4.465,32.0,25.0,827.41,33.0
1976.0,MacrocycleDB,15,2148.954,-5.166,33.0,26.0,856.51,33.0
1978.0,MacrocycleDB,15,2133.965,-5.036,32.0,28.0,861.9,33.0
1979.0,MacrocycleDB,15,2229.016,-3.65,32.0,26.0,847.72,37.0
1980.0,MacrocycleDB,15,2383.123,-4.185,33.0,31.0,937.48,48.0
1981.0,MacrocycleDB,15,2430.164,-3.367,34.0,31.0,918.93,43.0
1982.0,MacrocycleDB,15,2547.195,-2.817,34.0,33.0,948.67,50.0
1983.0,MacrocycleDB,15,2342.112,-3.4,34.0,29.0,900.47,37.0
1984.0,MacrocycleDB,15,2788.212,0.084,36.0,36.0,998.0,45.0
D00GNJ,TTD_approved,11,1525.39,-5.939,19.0,26.0,573.91,13.0
D03VNJ,TTD_approved,15,3078.445,-19.722,53.0,46.0,1403.38,70.0
D05GRY,TTD_approved,15,3461.738,-20.216,56.0,53.0,1512.74,87.0
D05HPI,TTD_approved,9,1619.71,-5.622,22.0,24.0,702.02,35.0
D06QAK,TTD_approved,15,4100.098,-20.989,61.0,61.0,1739.73,110.0
D07FEC,TTD_approved,10,1680.625,-8.148,23.0,27.0,718.13,28.0
D0L9HX,TTD_approved,11,1213.841,3.435,5.0,12.0,278.8,16.0
D0P8IV,TTD_approved,8,1254.628,0.726,5.0,18.0,359.98,8.0
D0T6CN,TTD_approved,8,2158.074,-4.886,34.0,27.0,892.04,49.0
44.0,TTD_SDF,9,1630.648,-3.023,22.0,22.0,622.59,24.0
120.0,TTD_SDF,9,1727.745,-2.955,24.0,21.0,659.96,27.0
287.0,TTD_SDF,11,1525.39,-5.939,19.0,26.0,573.91,13.0
408.0,TTD_SDF,14,1552.863,-6.83,22.0,22.0,617.98,21.0
413.0,TTD_SDF,7,1696.81,-4.011,20.0,28.0,620.15,47.0
464.0,TTD_SDF,11,1277.873,4.715,5.0,12.0,278.8,16.0
670.0,TTD_SDF,10,1559.701,-6.736,22.0,23.0,619.02,24.0
1057.0,TTD_SDF,13,1805.638,-9.59,25.0,29.0,774.06,23.0
1168.0,TTD_SDF,13,1621.578,-8.737,19.0,26.0,643.18,14.0
1306.0,TTD_SDF,8,2097.937,-5.656,31.0,29.0,836.68,46.0
1836.0,TTD_SDF,9,1509.683,0.731,16.0,19.0,444.27,21.0
1995.0,TTD_SDF,13,3351.545,-11.471,41.0,49.0,1213.57,67.0
2014.0,TTD_SDF,9,1181.731,3.577,3.0,14.0,270.99,12.0
2074.0,TTD_SDF,9,1626.718,-4.649,22.0,22.0,633.31,25.0
2358.0,TTD_SDF,14,1838.646,-11.526,30.0,31.0,803.68,22.0
2398.0,TTD_SDF,9,1629.664,-3.622,22.0,22.0,628.38,24.0
2449.0,TTD_SDF,9,1678.702,-3.311,22.0,22.0,639.66,27.0
2531.0,TTD_SDF,9,1627.702,-3.67,23.0,21.0,638.38,26.0
2611.0,TTD_SDF,11,1320.882,3.005,6.0,15.0,302.27,19.0
3013.0,TTD_SDF,10,1600.855,-5.893,27.0,21.0,703.21,29.0
3022.0,TTD_SDF,7,1296.582,2.374,14.0,15.0,370.19,19.0
3058.0,TTD_SDF,7,1068.476,-2.58,15.0,15.0,454.27,19.0
3080.0,TTD_SDF,9,1410.61,-2.189,19.0,20.0,503.07,20.0
3390.0,TTD_SDF,15,2585.392,-9.587,35.0,40.0,1060.94,56.0
3621.0,TTD_SDF,7,2041.854,-2.328,25.0,23.0,717.03,35.0
3765.0,TTD_SDF,9,1509.683,0.731,16.0,19.0,444.27,21.0
4214.0,TTD_SDF,15,2552.035,-7.347,36.0,42.0,999.59,35.0
4302.0,TTD_SDF,9,1679.71,-4.926,22.0,24.0,702.02,33.0
4455.0,TTD_SDF,9,1525.692,-5.937,21.0,21.0,630.88,24.0
4481.0,TTD_SDF,9,1509.683,0.731,16.0,19.0,444.27,21.0
4587.0,TTD_SDF,9,1525.677,0.437,17.0,20.0,464.5,21.0
4593.0,TTD_SDF,15,3078.445,-19.722,53.0,46.0,1403.38,70.0
5017.0,TTD_SDF,9,1509.683,0.731,16.0,19.0,444.27,21.0
5045.0,TTD_SDF,7,1432.598,2.059,16.0,17.0,413.73,20.0
5292.0,TTD_SDF,7,1092.708,-8.764,28.0,14.0,637.0,28.0
5435.0,TTD_SDF,7,1206.535,0.763,14.0,15.0,384.18,18.0
5465.0,TTD_SDF,11,1217.836,2.384,6.0,13.0,299.03,15.0
5742.0,TTD_SDF,12,1571.53,-7.54,18.0,25.0,591.22,13.0
5943.0,TTD_SDF,9,1629.704,-6.472,24.0,23.0,685.74,27.0
6231.0,TTD_SDF,15,3461.738,-20.216,56.0,53.0,1512.74,87.0
6288.0,TTD_SDF,9,1619.71,-5.622,22.0,24.0,702.02,35.0
6397.0,TTD_SDF,13,2641.115,-2.71,34.0,37.0,954.88,49.0
6429.0,TTD_SDF,9,1624.692,-3.388,22.0,21.0,622.59,25.0
6484.0,TTD_SDF,10,1421.669,-7.702,22.0,20.0,642.39,33.0
6623.0,TTD_SDF,14,1839.63,-10.927,30.0,31.0,797.89,22.0
6732.0,TTD_SDF,7,858.464,1.311,9.0,9.0,251.16,9.0
7017.0,TTD_SDF,9,1498.678,-0.022,18.0,19.0,454.86,22.0
7367.0,TTD_SDF,10,1381.673,-3.779,19.0,21.0,556.31,21.0
7548.0,TTD_SDF,9,1498.678,0.059,17.0,19.0,460.06,21.0
7553.0,TTD_SDF,14,1866.641,-11.044,30.0,31.0,820.75,23.0
7635.0,TTD_SDF,8,1169.518,-7.072,18.0,18.0,549.1,17.0
7835.0,TTD_SDF,15,4100.098,-20.989,61.0,61.0,1739.73,110.0
8076.0,TTD_SDF,12,1532.834,-5.471,20.0,24.0,588.87,25.0
8094.0,TTD_SDF,10,3146.464,-16.465,44.0,46.0,1321.81,76.0
8273.0,TTD_SDF,11,1247.847,1.745,7.0,14.0,319.26,16.0
8445.0,TTD_SDF,9,1495.667,0.389,17.0,19.0,453.06,21.0
8504.0,TTD_SDF,10,1680.625,-8.148,23.0,27.0,718.13,28.0
8544.0,TTD_SDF,10,1638.707,-6.124,22.0,25.0,639.01,26.0
8987.0,TTD_SDF,9,1509.683,0.731,16.0,19.0,444.27,21.0
9126.0,TTD_SDF,10,1352.667,-1.37,17.0,16.0,472.0,17.0
9202.0,TTD_SDF,8,1926.811,-4.032,24.0,23.0,701.24,34.0
9677.0,TTD_SDF,10,1288.635,-2.911,17.0,16.0,472.0,17.0
10057.0,TTD_SDF,11,1201.841,3.269,5.0,12.0,278.8,15.0
10075.0,TTD_SDF,9,2181.154,-8.007,40.0,29.0,996.74,51.0
10795.0,TTD_SDF,7,1192.483,-0.491,14.0,15.0,401.25,16.0
10852.0,TTD_SDF,10,1638.707,-6.124,22.0,25.0,639.01,26.0
11149.0,TTD_SDF,9,1500.657,-0.577,19.0,20.0,489.08,21.0
11353.0,TTD_SDF,9,1307.659,-5.9,19.0,19.0,572.46,22.0
11815.0,TTD_SDF,9,1509.683,0.731,16.0,19.0,444.27,21.0
11900.0,TTD_SDF,9,1660.757,-0.107,19.0,21.0,515.18,25.0
12499.0,TTD_SDF,11,1261.862,2.258,6.0,14.0,308.26,19.0
12626.0,TTD_SDF,9,1613.687,-4.06,23.0,21.0,638.38,25.0
12877.0,TTD_SDF,9,1499.673,-1.177,19.0,20.0,494.87,21.0
13230.0,TTD_SDF,8,1293.531,-1.625,16.0,17.0,450.58,17.0
13293.0,TTD_SDF,7,1135.465,-6.904,15.0,17.0,514.62,17.0
13420.0,TTD_SDF,9,1509.683,0.731,16.0,19.0,444.27,21.0
13429.0,TTD_SDF,11,1215.857,3.658,5.0,12.0,278.8,15.0
13846.0,TTD_SDF,10,1486.67,-5.681,21.0,22.0,637.78,27.0
14127.0,TTD_SDF,9,1600.692,-4.054,22.0,21.0,622.59,24.0
14779.0,TTD_SDF,11,1360.913,3.929,6.0,15.0,302.27,19.0
15022.0,TTD_SDF,13,2545.057,-3.75,33.0,35.0,924.42,46.0
15069.0,TTD_SDF,8,1898.875,-8.526,31.0,27.0,802.54,39.0
15529.0,TTD_SDF,9,1579.677,-7.445,24.0,23.0,677.29,26.0
15601.0,TTD_SDF,9,1302.682,-3.616,15.0,17.0,512.63,23.0
15772.0,TTD_SDF,9,1232.556,-5.079,17.0,18.0,526.99,14.0
15778.0,TTD_SDF,8,1145.524,-3.556,15.0,16.0,477.66,13.0
15843.0,TTD_SDF,10,1559.701,-6.736,22.0,23.0,619.02,24.0
16178.0,TTD_SDF,9,1522.674,-3.274,20.0,21.0,541.04,24.0
16212.0,TTD_SDF,14,2107.711,-14.275,34.0,35.0,945.35,30.0
16447.0,TTD_SDF,8,1956.031,-6.949,36.0,27.0,885.43,47.0
16531.0,TTD_SDF,8,1283.582,-3.491,14.0,18.0,463.25,10.0
16718.0,TTD_SDF,10,1436.484,-8.736,20.0,24.0,623.45,17.0
16773.0,TTD_SDF,8,2036.057,-6.083,35.0,27.0,889.95,47.0
16916.0,TTD_SDF,9,1514.673,-0.235,18.0,20.0,480.29,21.0
16940.0,TTD_SDF,7,788.316,-3.746,11.0,12.0,291.62,4.0
17044.0,TTD_SDF,9,3058.609,-16.275,52.0,43.0,1391.8,81.0
17251.0,TTD_SDF,9,1677.718,-3.91,22.0,22.0,645.45,27.0
17373.0,TTD_SDF,8,1266.52,-1.509,16.0,17.0,427.72,16.0
17970.0,TTD_SDF,10,2256.989,-2.501,26.0,33.0,827.45,45.0
18062.0,TTD_SDF,7,953.413,-2.532,13.0,13.0,390.95,13.0
18168.0,TTD_SDF,10,1638.707,-6.124,22.0,25.0,639.01,26.0
18764.0,TTD_SDF,11,1213.841,3.435,5.0,12.0,278.8,16.0
19254.0,TTD_SDF,13,2513.905,-9.75,34.0,38.0,1046.02,48.0
19656.0,TTD_SDF,14,1882.636,-12.491,29.0,32.0,845.98,24.0
19764.0,TTD_SDF,9,1646.741,-0.449,20.0,21.0,523.97,25.0
19828.0,TTD_SDF,9,1498.678,0.059,17.0,19.0,460.06,21.0
19902.0,TTD_SDF,8,918.354,-5.92,13.0,14.0,380.88,7.0
19924.0,TTD_SDF,9,1624.692,-3.388,22.0,21.0,622.59,25.0
20061.0,TTD_SDF,9,1168.464,-8.684,19.0,20.0,506.15,11.0
20347.0,TTD_SDF,9,1678.725,-4.714,24.0,22.0,672.85,27.0
20372.0,TTD_SDF,16,4227.823,-16.979,61.0,63.0,1714.43,98.0
20414.0,TTD_SDF,11,1201.841,3.269,5.0,12.0,278.8,15.0
20592.0,TTD_SDF,9,1645.726,-5.376,22.0,24.0,702.02,32.0
20696.0,TTD_SDF,13,2562.015,-6.548,34.0,38.0,994.81,51.0
21043.0,TTD_SDF,10,1473.729,-2.587,20.0,19.0,549.24,22.0
21199.0,TTD_SDF,8,1254.628,0.726,5.0,18.0,359.98,8.0
21300.0,TTD_SDF,9,1613.687,-4.06,23.0,21.0,638.38,25.0
21350.0,TTD_SDF,12,1561.814,-5.021,19.0,22.0,609.92,26.0
21413.0,TTD_SDF,11,3649.276,-8.251,42.0,52.0,1348.74,79.0
21461.0,TTD_SDF,9,1593.693,-7.057,24.0,23.0,677.29,26.0
22072.0,TTD_SDF,9,1661.741,0.492,19.0,21.0,509.39,25.0
22085.0,TTD_SDF,7,997.403,-3.078,14.0,14.0,428.25,15.0
22111.0,TTD_SDF,9,1639.714,-5.195,23.0,22.0,657.06,27.0
22148.0,TTD_SDF,9,1613.687,-4.06,23.0,21.0,638.38,25.0
22246.0,TTD_SDF,9,1509.683,0.65,17.0,19.0,439.07,22.0
22387.0,TTD_SDF,8,1388.601,-4.507,19.0,20.0,534.8,23.0
22606.0,TTD_SDF,14,1866.641,-11.044,30.0,31.0,820.75,23.0
22673.0,TTD_SDF,10,1636.717,-4.914,22.0,23.0,613.23,26.0
23013.0,TTD_SDF,9,1647.725,0.15,20.0,21.0,518.18,25.0
23288.0,TTD_SDF,7,732.323,-1.387,9.0,9.0,251.16,5.0
23302.0,TTD_SDF,9,1681.689,-4.004,23.0,22.0,674.91,28.0
23512.0,TTD_SDF,10,1636.717,-4.914,22.0,23.0,613.23,26.0
23529.0,TTD_SDF,8,2158.074,-4.886,34.0,27.0,892.04,49.0
23554.0,TTD_SDF,9,1623.707,-3.988,22.0,21.0,628.38,25.0
23780.0,TTD_SDF,10,1145.524,-3.556,15.0,16.0,477.66,19.0
23783.0,TTD_SDF,12,2485.177,-7.317,42.0,35.0,1048.08,51.0
24370.0,TTD_SDF,9,1599.707,-4.654,22.0,21.0,628.38,24.0
24514.0,TTD_SDF,9,1589.687,-5.645,22.0,22.0,651.11,25.0
25000.0,TTD_SDF,13,2025.887,-12.284,31.0,32.0,920.32,35.0
25084.0,TTD_SDF,9,1498.678,0.059,17.0,19.0,460.06,21.0
25824.0,TTD_SDF,7,1813.735,-6.999,17.0,31.0,636.98,56.0
26016.0,TTD_SDF,8,1153.587,-4.636,15.0,18.0,470.38,20.0
26020.0,TTD_SDF,11,1873.919,-5.864,28.0,25.0,762.94,36.0
26344.0,TTD_SDF,10,1559.701,-6.736,22.0,23.0,619.02,24.0
26438.0,TTD_SDF,8,2036.057,-6.497,34.0,27.0,888.96,47.0
26453.0,TTD_SDF,14,1866.641,-11.044,30.0,31.0,820.75,23.0
26933.0,TTD_SDF,9,1625.57,-0.572,19.0,20.0,494.87,21.0
26995.0,TTD_SDF,9,1498.678,0.059,17.0,19.0,460.06,21.0
27056.0,TTD_SDF,7,1179.488,0.014,14.0,15.0,378.39,15.0
27137.0,TTD_SDF,14,2149.769,-13.887,36.0,35.0,964.16,32.0
27604.0,TTD_SDF,7,947.359,-6.427,14.0,16.0,452.35,13.0
27786.0,TTD_SDF,11,1302.925,3.778,6.0,13.0,307.9,20.0
27819.0,TTD_SDF,9,2440.301,-1.353,29.0,31.0,873.39,66.0
27839.0,TTD_SDF,9,1787.839,-2.044,21.0,23.0,641.75,29.0
27852.0,TTD_SDF,8,961.473,-6.552,14.0,14.0,460.8,17.0
