,row_index,n_backbone_matches,canon_smiles
0,44,9,[H]/N=C(\N)NCCC[C@@H]1NC(=O)[C@@H](Cc2cnc[nH]2)NC(=O)[C@H](C)NC(=O)CNC(=O)[C@H](Cc2c[nH]c3ccccc23)NC(=O)[C@@H](CC(=O)O)NC(=O)[C@H](CCC(N)=O)NC(=O)[C@](C)(c2csc3ccccc23)NC(=O)[C@H](C(C)C)NC(=O)[C@@H](NC(=O)[C@@H](NC(C)=O)[C@@H](C)CC)CSSC[C@@H](C(=O)N[C@H](C(=O)O)[C@@H](C)O)NC1=O
1,120,9,[H]/N=C(\N)NCCC[C@@H]1NC(=O)[C@@H](Cc2cnc[nH]2)NC(=O)[C@H](Cc2c[nH]c3ccccc23)NC(=O)CNC(=O)[C@H](Cc2c[nH]c3ccccc23)NC(=O)[C@@H](CC(=O)O)NC(=O)[C@H](CCC(N)=O)NC(=O)[C@@H](Cc2c[nH]c3ccccc23)NC(=O)[C@H](C(C)C)NC(=O)[C@@H](NC(=O)[C@@H](NC(C)=O)[C@@H](C)CC)CSSC[C@@H](C(=O)N[C@H](C(N)=O)[C@@H](C)O)NC1=O
2,287,11,C[C@@H]1NC(=O)[C@@H]2CCCN2C(=O)[C@H](CC(N)=O)NC(=O)[C@@H]2CSSC[C@H](N)C(=O)N[C@H]3CSSC[C@H](NC1=O)C(=O)N[C@@H]([C@@H](C)O)C(=O)NCC(=O)N[C@H](C(=O)N[C@@H](Cc1ccc(O)cc1)C(=O)O)CSSC[C@H](NC(=O)[C@H](Cc1ccc(O)cc1)NC(=O)[C@H](CCC(=O)O)NC3=O)C(=O)N2
3,408,14,CC[C@H](C)[C@@H]1NC(=O)[C@H](Cc2c[nH]c3ccccc23)NC(=O)[C@H]([C@@H](C)O)NC(=O)[C@@H]2CCCN2C(=O)[C@H]2CCCN2C(=O)[C@H](CO)NC(=O)[C@H](C)NC(=O)[C@H](CCN)NC(=O)[C@H](CCN)NC(=O)[C@H](Cc2c[nH]c3ccccc23)NC(=O)[C@H](CCN)NC(=O)[C@@H](CCN)NC(=O)[C@H](CCCN)NC(=O)[C@H](CCN)NC1=O
4,413,7,CC(=NO)C(C)(C)NCCC(CCNC(=O)CCCC(=O)NCCCC[C@@H]1NC(=O)CSC[C@@H](C(=O)NCCOCCOCCOCCNC(=O)COCC(N)=O)NC(=O)[C@H](Cc2ccccc2)NC(=O)[C@@H]2CSSC[C@H](NC1=O)C(=O)N[C@@H](CCCN=C(N)N)C(=O)NCC(=O)N[C@@H](CC(=O)O)C(=O)N2)CCNC(C)(C)C(C)=NO
5,464,11,CC[C@@H]1NC(=O)[C@H]([C@H](O)[C@H](C)C/C=C/c2ccccc2C)N(C)C(=O)[C@H](C(C)C)N(C)C(=O)[C@H](CC(C)C)N(C)C(=O)[C@H](CC(C)C)N(C)C(=O)[C@@H](C)NC(=O)[C@H](C)NC(=O)[C@H](CC(C)C)N(C)C(=O)[C@H](C(C)C)NC(=O)[C@H](CC(C)C)N(C)C(=O)CN(C)C1=O
6,670,10,CC(O)[C@H]1NC(=O)[C@H](Cc2ccccc2)NC(=O)[C@@H](C(C)O)NC(=O)[C@@H](CCCCN)NC(=O)[C@H](Cc2c[nH]c3ccccc23)NC(=O)[C@@H](C)NC(=O)[C@H](Cc2ccccc2)NC(=O)[C@@H](CC(N)=O)NC(=O)[C@H](CCCCN)NC(=O)[C@@H](NC(=O)CNC(=O)[C@H](C)N)CSSC[C@@H](C(N)=O)NC(=O)[C@H](CO)NC1=O
7,1057,13,[H]/N=C(\N)NCCC[C@@H]1NC(=O)[C@@H]2CCCN2C(=O)[C@H](CC(=O)O)NC(=O)[C@H](CO)NC(=O)[C@@H]2CSSC[C@@H](C(N)=O)NC(=O)[C@H]([C@@H](C)CC)NC(=O)[C@H](CCC(=O)O)NC(=O)[C@@H]3CCCN3C(=O)[C@H](Cc3c[nH]cn3)NC(=O)[C@H](CC(=O)O)NC(=O)[C@H](Cc3ccc(O)cc3)NC(=O)[C@H](CC(N)=O)NC(=O)[C@H](CSSC[C@H](NC(=O)CN)C(=O)N2)NC1=O
8,1168,13,CC(C)C[C@@H]1NC(=O)[C@H](CO)NC(=O)[C@@H]2CSSC[C@@H](C(N)=O)NC(=O)[C@H](Cc3ccc(O)cc3)NC(=O)[C@H](CC(=O)O)NC(=O)[C@@H]3CCCN3C(=O)[C@H](CC(N)=O)NC(=O)[C@H](CC(N)=O)NC(=O)[C@H](C)NC(=O)[C@H](C)NC(=O)[C@H](CSSC[C@H](NC(=O)CN)C(=O)N2)NC(=O)[C@@H]2CCCN2C(=O)[C@@H]2CCCN2C1=O
9,1306,8,[H]/N=C(\N)NCCCC1NC(=O)CNC(=O)C(C(C)C)NC(=O)C(CCSC)NC(=O)C(NC(=O)C(CCCN/C(N)=N/[H])NC(=O)C(CCSC)NC(=O)C(NC(=O)C(N)CC(=O)O)C(C)O)CSSCC(C(=O)NC(Cc2c[nH]c3ccccc23)C(=O)NC(CCC(=O)O)C(=O)NC(C(=O)O)C(C)C)NC(=O)C2CCCN2C(=O)C(CCCN/C(N)=N/[H])NC(=O)C(Cc2ccc(O)cc2)NC(=O)C(C(C)C)NC1=O
10,1836,9,CC(C)NCc1ccc(C[C@@H]2NC(=O)[C@H](Cc3ccc4ccccc4c3)NC(=O)[C@H](Cc3ccccc3)NC(=O)[C@@H](Cc3ccccc3)NC(=O)[C@@H](CCCCN)NC(=O)[C@H](N)CSSC[C@@H](C(=O)O)NC(=O)[C@H](CO)N(C)C(=O)[C@@H]([C@@H](C)O)NC(=O)[C@H](Cc3ccccc3)NC(=O)[C@@H]([C@@H](C)O)NC2=O)cc1
11,1995,13,C=C(NC(=O)C(NC(=O)C(Cc1cnc[nH]1)NC(=O)C(NC(=O)C(CO)NC(=O)C1CSC(C)C2NC(=O)C(C)NC(=O)C(NC(=O)C(CCCCN)NC(=O)C(CCSC)NC(=O)C(CC(N)=O)NC(=O)C3CSC(C)C(NC(=O)C(CCCCN)NC(=O)C4CSC(C)C(NC(=O)C5CSCC(NC(=O)/C(=C/C)NC(=O)C(N)C(C)CC)C(=O)NC(C(C)CC)C(=O)NC(=C)C(=O)NC(CC(C)C)C(=O)N5)C(=O)N5CCCC5C(=O)NCC(=O)N4)C(=O)NCC(=O)NC(C)C(=O)NC(CC(C)C)C(=O)NC(CCSC)C(=O)NCC(=O)N3)C(C)SCC(NC2=O)C(=O)NC(Cc2cnc[nH]2)C(=O)N1)C(C)CC)C(C)C)C(=O)NC(CCCCN)C(=O)O
12,2014,9,CC[C@H](C)[C@H]1C(=O)NCC(=O)N(C)[C@@H](C(C)C)C(=O)N[C@@H](Cc2ccc(OC)cc2)C(=O)O[C@@H](C)C(=O)N2CCCC[C@H]2C(=O)N(C)[C@@H](C(C)C)C(=O)N[C@@H](C(C)C)C(=O)N(C)[C@@H](CC(=O)OC(C)(C)C)C(=O)N(C)[C@@H]([C@@H](C)CC)C(=O)N1C
13,2074,9,CC[C@H](C)[C@H](NC(C)=O)C(=O)N[C@H]1CSSC[C@@H](C(=O)N[C@H](C(N)=O)[C@@H](C)O)NC(=O)[C@H](CCCNC(=N)N)NC(=O)[C@H](Cc2c[nH]cn2)NC(=O)[C@H](C)NC(=O)CNC(=O)[C@H](Cc2c[nH]c3ccccc23)NC(=O)[C@H](CC(=O)O)NC(=O)[C@H](CCC(N)=O)NC(=O)[C@H](Cc2cn(C)c3ccccc23)NC(=O)[C@H](C(C)C)NC1=O
14,2358,14,[H]/N=C(\N)NCCC[C@@H]1NC(=O)[C@@H]2CSSC[C@H](N)C(=O)N[C@H]3CSSC[C@H](NC(=O)[C@H](CCCN/C(N)=N/[H])NC(=O)[C@H](CO)NC(=O)[C@H](Cc4cnc[nH]4)NC(=O)[C@H](C)NC1=O)C(=O)N[C@H](C(N)=O)CSSC[C@H](NC(=O)[C@@H](CC(N)=O)NC3=O)C(=O)N[C@@H](CO)C(=O)N[C@@H](CO)C(=O)N[C@@H](CCCCN)C(=O)N[C@@H](Cc1c[nH]c3ccccc13)C(=O)N2
15,2398,9,[H]/N=C(\N)NCCC[C@@H]1NC(=O)[C@@H](Cc2cnc[nH]2)NC(=O)[C@H](C)NC(=O)CNC(=O)[C@H](Cc2c[nH]c3ccccc23)NC(=O)[C@@H](CC(=O)O)NC(=O)[C@H](CCC(N)=O)NC(=O)[C@](C)(c2csc3ccccc23)NC(=O)[C@H](C(C)C)NC(=O)[C@@H](NC(=O)[C@@H](NC(C)=O)[C@@H](C)CC)CSSC[C@@H](C(=O)N[C@H](C(N)=O)[C@@H](C)O)NC1=O
16,2449,9,[H]/N=C(\N)NCCC[C@@H]1NC(=O)[C@@H](Cc2cnc[nH]2)NC(=O)[C@H](C)NC(=O)CNC(=O)[C@H](Cc2c[nH]c3ccccc23)NC(=O)C(CC(=O)O)NC(=O)[C@H](CCC(N)=O)NC(=O)[C@H](Cc2ccc(C(=O)c3ccccc3)cc2)NC(=O)[C@H](C(C)C)NC(=O)[C@@H](NC(=O)[C@@H](NC(C)=O)[C@@H](C)CC)CSSC[C@@H](C(=O)N[C@H](C(=O)O)[C@@H](C)O)NC1=O
17,2531,9,[H]/N=C(\N)NCCC[C@H]1NC(=O)[C@H](Cc2cnc[nH]2)NC(=O)C(CC)NC(=O)CNC(=O)[C@H](Cc2c[nH]c3ccccc23)NC(=O)[C@@H](CC(=O)O)NC(=O)[C@H](CCC(N)=O)NC(=O)[C@@H](Cc2c[nH]c3ccccc23)NC(=O)[C@H](C(C)C)NC(=O)[C@@H](NC(=O)[C@@H](NC(C)=O)[C@@H](C)CC)CSSC[C@H](C(=O)N[C@H](C(=O)O)[C@@H](C)O)NC1=O
18,2611,11,C/C=C/C[C@@H](C)[C@@H](O)[C@H]1C(=O)N[C@@H](CC)C(=O)N(C)[C@H](SCCN(C)C)C(=O)N(C)[C@@H](CC(C)(C)O)C(=O)N[C@@H](C(C)C)C(=O)N(C)[C@@H](CC(C)C)C(=O)N[C@@H](C)C(=O)N[C@H](C)C(=O)N(C)[C@@H](CC(C)C)C(=O)N(C)[C@@H](CC(C)C)C(=O)N(C)[C@@H](C(C)C)C(=O)N1C
19,3013,10,CC[C@H](C)[C@@H]1NC(=O)[C@H](CCCNC(=N)N)NC(=O)CNC(=O)CNC(=O)[C@H](CC2CCCCC2)NC(=O)[C@@H](NC(=O)[C@@H](N)CCCNC(=N)N)CSSC[C@@H](C(N)=O)NC(=O)[C@H](CCCNC(=N)N)NC(=O)[C@H](Cc2ccccc2)NC(=O)[C@H]([C@@H](C)CC)NC(=O)[C@H](CCCNC(=N)N)NC(=O)[C@H](CC(=O)O)NC1=O
20,3022,7,CC(C)NCc1ccc(C[C@@H]2NC(=O)[C@H](Cc3c[nH]c4ccccc34)NC(=O)[C@H](Cc3ccccc3)NC(=O)[C@@H](Cc3ccccc3)NC(=O)[C@@H](CCCCN)NC(=O)[C@H](N)CSSC[C@@H](C(=O)O)NC(=O)[C@H](Cc3ccccc3)NC(=O)[C@@H]([C@@H](C)O)NC2=O)cc1
21,3058,7,CC(C)C[C@@H]1NC(=O)[C@H](CCCCN)NC(=O)[C@H](CCC(=O)O)NC(=O)[C@H](CC(=O)O)NC(=O)[C@H](Cc2ccc(O)cc2)NC(=O)[C@H](Cc2ccc(O)cc2)NC(=O)CC[C@@H](C(N)=O)NC(=O)[C@H](CCC(=O)O)NC1=O
22,3080,9,C[C@@H](O)[C@H]1NC(=O)[C@H](Cc2ccc(O)cc2)NC(=O)[C@@H]([C@@H](C)O)NC(=O)[C@H](CCCCN)NC(=O)[C@H](Cc2c[nH]c3ccccc23)NC(=O)[C@H](Cc2ccccc2)NC(=O)[C@@H](Cc2ccccc2)NC(=O)[C@@H](CCCCN)NC(=O)[C@H](N)CSSC[C@@H](C(=O)O)NC(=O)[C@H](CO)NC1=O
23,3390,15,[H]/N=C(\N)NCCCC1NC(=O)C(CCCCN)NC(=O)C2CSSCC(NC(=O)C(C(C)CC)NC(=O)C(CC3C=NC=N3)NC(=O)C3CCCN3C(=O)C(CCCCN)NC(=O)C(C(C)CC)NC(=O)C(C(C)C)NC(=O)C(CC3C=NC=N3)NC1=O)C(=O)NC(CCCN/C(N)=N/[H])C(=O)NC(CCCCN)C(=O)NC(C(C)CC)C(=O)NC(C(=O)NCC(=O)NC(CCCCN)C(=O)NC(CC(N)=O)C(N)=O)CSSCC(NC(=O)C(CCCCN)NC(=O)C(N)C(C)CC)C(=O)NC(CC(N)=O)C(=O)N2
24,3621,7,C[C@@H]1NC(=O)[C@H]([C@@H](C)O)NC(=O)CNC(=O)[C@H](Cc2cnc[nH]2)NC(=O)[C@H](Cc2c[nH]c3ccccc23)NC(=O)CC(C(N)=O)NC(=O)CNC(=O)C[C@@H](C(=O)N[C@@H](Cc2c[nH]c3ccccc23)C(=O)N[C@@H](Cc2ccccc2)C(=O)N[C@@H](Cc2ccccc2)C(=O)N[C@@H](CC(N)=O)C(=O)N[C@@H](Cc2ccc(O)cc2)C(=O)N[C@@H](Cc2ccc(O)cc2)C(=O)N[C@@H](Cc2c[nH]c3ccccc23)C(=O)O)NC(=O)[C@@H]2CCCN2C1=O
25,3765,9,CC(C)NCc1ccc(C[C@@H]2NC(=O)[C@H](Cc3ccc4ccccc4c3)NC(=O)[C@H](Cc3ccccc3)NC(=O)[C@@H](Cc3ccccc3)NC(=O)[C@@H](CCCCN)NC(=O)[C@H](N)CSSC[C@@H](C(=O)O)NC(=O)[C@H](CO)NC(=O)[C@@H]([C@@H](C)O)N(C)C(=O)[C@H](Cc3ccccc3)NC(=O)[C@@H]([C@@H](C)O)NC2=O)cc1
26,4214,15,CC(C)C/C=C/C=C\C(=O)N[C@@H](CC(N)=O)C(=O)N[C@@H]1C(=O)N[C@H](c2ccc(O)cc2)C(=O)N[C@H](CCCN)C(=O)N[C@H]([C@@H](C)O)C(=O)N[C@@H](c2ccc(O)cc2)C(=O)N[C@H](c2ccc(O)cc2)C(=O)N[C@@H]([C@H](C)O)C(=O)N[C@@H](Cc2ccccc2)C(=O)N[C@H](CCCN)C(=O)N[C@@H](c2ccc(O[C@H]3O[C@H](CO)[C@@H](O)[C@H](O)[C@@H]3O[C@H]3O[C@H](CO)[C@@H](O)[C@H](O)[C@@H]3O)cc2)C(=O)N[C@H]([C@@H](C)O)C(=O)N[C@@H](c2ccc(O)cc2)C(=O)NCC(=O)N[C@@H](CC(C)C)C(=O)N[C@H](C)C(=O)N[C@@H](c2ccc(O)c(Cl)c2)C(=O)O[C@@H]1C(N)=O
27,4302,9,CCCCCc1ccc(/C(C)=C/C(=O)N[C@@H](Cc2c[nH]c3ccccc23)C(=O)N[C@@H](CC(N)=O)C(=O)N[C@@H](CC(=O)O)C(=O)N[C@@H]2C(=O)NCC(=O)N[C@@H](CCCN)C(=O)N[C@@H](CC(=O)O)C(=O)N[C@H](C)C(=O)N[C@@H](CC(=O)O)C(=O)NCC(=O)N[C@H](CO)C(=O)N[C@@H]([C@H](C)CC(=O)O)C(=O)N[C@@H](CC(=O)c3ccccc3N)C(=O)O[C@@H]2C)cc1
28,4455,9,CC[C@H](C)[C@H](NC(C)=O)C(=O)N[C@H]1CSSC[C@@H](C(=O)N[C@H](C(N)=O)[C@@H](C)O)NC(=O)[C@H](CCCN=C(N)N)NC(=O)[C@@H](Cc2cnc[nH]2)NC(=O)[C@H](C)NC(=O)CNC(=O)[C@H](Cc2c[nH]c3ccccc23)NC(=O)[C@@H](CC(=O)O)NC(=O)[C@H](CCC(N)=O)NC(=O)[C@@H](C(C)C)NC(=O)[C@H](C(C)C)NC1=O
29,4481,9,CC(C)NCc1ccc(C[C@@H]2NC(=O)[C@H](Cc3ccc4ccccc4c3)N(C)C(=O)[C@H](Cc3ccccc3)NC(=O)[C@@H](Cc3ccccc3)NC(=O)[C@@H](CCCCN)NC(=O)[C@H](N)CSSC[C@@H](C(=O)O)NC(=O)[C@H](CO)NC(=O)[C@@H]([C@@H](C)O)NC(=O)[C@H](Cc3ccccc3)NC(=O)[C@@H]([C@@H](C)O)NC2=O)cc1
30,4587,9,CC(C)NCc1ccc(C[C@H]2C(=O)N[C@H]([C@@H](C)O)C(=O)N[C@@H](Cc3ccc(O)cc3)C(=O)N[C@H]([C@@H](C)O)C(=O)N[C@@H](CO)C(=O)N[C@H](C(=O)O)CSSC[C@@H](N)C(=O)N[C@H](CCCCN)C(=O)N[C@H](Cc3ccccc3)C(=O)N[C@@H](Cc3ccccc3)C(=O)N[C@@H](Cc3ccc4ccccc4c3)C(=O)N2C)cc1
31,4593,15,[H]/N=C(\N)NCCC[C@@H]1NC(=O)CNC(=O)CNC(=O)[C@H](Cc2ccccc2)NC(=O)[C@@H](NC(=O)[C@H](CO)NC(=O)[C@H](CO)NC(=O)[C@H](CCCN/C(N)=N/[H])NC(=O)[C@H](CCCN/C(N)=N/[H])NC(=O)[C@H](CC(C)C)NC(=O)[C@@H](N)CO)CSSC[C@@H](C(=O)N[C@@H](CC(N)=O)C(=O)N[C@@H](CO)C(=O)N[C@@H](Cc2ccccc2)C(=O)N[C@@H](CCCN/C(N)=N/[H])C(=O)N[C@@H](Cc2ccc(O)cc2)C(=O)O)NC(=O)CNC(=O)[C@H](CC(C)C)NC(=O)CNC(=O)[C@H](CO)NC(=O)[C@H](CCC(N)=O)NC(=O)[C@H](C)NC(=O)CNC(=O)[C@H]([C@@H](C)CC)NC(=O)[C@H](CCCN/C(N)=N/[H])NC(=O)[C@H](CC(=O)O)NC(=O)[C@H](CCSC)NC1=O
32,5017,9,CC(C)NCc1ccc(C[C@@H]2NC(=O)[C@H](Cc3ccc4ccccc4c3)NC(=O)[C@H](Cc3ccccc3)NC(=O)[C@@H](Cc3ccccc3)NC(=O)[C@@H](CCCCN)N(C)C(=O)[C@H](N)CSSC[C@@H](C(=O)O)NC(=O)[C@H](CO)NC(=O)[C@@H]([C@@H](C)O)NC(=O)[C@H](Cc3ccccc3)NC(=O)[C@@H]([C@@H](C)O)NC2=O)cc1
33,5045,7,CC(C)NCc1ccc(C[C@@H]2NC(=O)[C@H](Cc3c[nH]c4ccccc34)NC(=O)[C@H](Cc3ccccc3)NC(=O)[C@@H](Cc3ccccc3)NC(=O)[C@H](NC(=O)[C@@H](N)Cc3ccc(O)cc3)CSSC[C@@H](C(=O)O)NC(=O)[C@@H]([C@@H](C)O)NC(=O)[C@H](Cc3ccccc3)NC(=O)[C@@H]([C@@H](C)O)NC2=O)cc1
34,5292,7,N=C(N)NCCC[C@@H]1NC(=O)[C@H](CCCNC(=N)N)NC(=O)[C@H](CCCNC(=N)N)NC(=O)[C@H](CCCNC(=N)N)NC(=O)[C@H](CCCNC(=N)N)NC(=O)[C@H](CCCNC(=N)N)NC(=O)[C@H](CCCNC(=N)N)NC1=O
35,5435,7,C[C@@H](O)[C@H]1NC(=O)[C@H](CCCCN)NC(=O)[C@H](Cc2c[nH]c3ccccc23)NC(=O)[C@H](Cc2ccccc2)NC(=O)[C@@H](Cc2ccccc2)NC(=O)[C@@H](CCCCN)NC(=O)[C@H](N)CSSC[C@@H](C(=O)O)NC(=O)[C@H](Cc2ccccc2)NC1=O
36,5465,11,C/C=C/C[C@@H](C)[C@@H](O)C1C(=O)N[C@@H](CC)C(=O)N(C)CC(=O)N(C)[C@@H](CC(C)(C)O)C(=O)N[C@@H](C(C)C)C(=O)N(C)[C@@H](CC(C)C)C(=O)N[C@@H](C)C(=O)N[C@H](C)C(=O)N(C)[C@@H](CC(C)C)C(=O)N(C)[C@@H](CC(C)C)C(=O)N(C)[C@@H](C(C)C)C(=O)N1C
37,5742,12,C[C@@H]1NC(=O)[C@H](Cc2ccccc2)NC(=O)[C@@H]2CSSC[C@H](NC(=O)CN)C(=O)N[C@@H](CSSC[C@@H](C(N)=O)NC(=O)[C@H](CC(=O)O)NC(=O)[C@@H]3CCCN3C(=O)[C@H](CC(N)=O)NC(=O)[C@H]([C@@H](C)O)NC1=O)C(=O)N[C@@H](CO)C(=O)N[C@@H](Cc1ccc(O)cc1)C(=O)N1CCC[C@H]1C(=O)N1CCC[C@H]1C(=O)N2
38,5943,9,[H]/N=C(\N)NCCC[C@@H]1NC(=O)[C@@H](Cc2cnc[nH]2)NC(=O)[C@H](Cc2cnc[nH]2)NC(=O)CNC(=O)[C@H](Cc2c[nH]c3ccccc23)NC(=O)[C@@H](CC(=O)O)NC(=O)[C@H](CCC(N)=O)NC(=O)[C@@H](Cc2cnc[nH]2)NC(=O)[C@H](C(C)C)NC(=O)[C@@H](NC(=O)[C@@H](NC(C)=O)[C@@H](C)CC)CSSC[C@@H](C(=O)N[C@H](C(N)=O)[C@@H](C)O)NC1=O
39,6231,15,[H]/N=C(\N)NCCC[C@@H]1NC(=O)CNC(=O)[C@H](Cc2ccccc2)NC(=O)[C@@H](NC(=O)CNC(=O)[C@H](CO)NC(=O)CNC(=O)[C@H](CCC(N)=O)NC(=O)[C@@H](NC(=O)[C@H](CCSC)NC(=O)[C@H](CCCCN)NC(=O)[C@@H]2CCCN2C(=O)[C@@H](N)CO)C(C)C)CSSC[C@@H](C(=O)N[C@@H](CCCCN)C(=O)N[C@H](C(=O)N[C@@H](CC(C)C)C(=O)N[C@@H](CCCN/C(N)=N/[H])C(=O)N[C@@H](CCCN/C(N)=N/[H])C(=O)N[C@@H](Cc2c[nH]cn2)C(=O)O)C(C)C)NC(=O)CNC(=O)[C@H](CC(C)C)NC(=O)CNC(=O)[C@H](CO)NC(=O)[C@H](CO)NC(=O)[C@H](CO)NC(=O)[C@H](CO)NC(=O)[C@H]([C@@H](C)CC)NC(=O)[C@H](CCCN/C(N)=N/[H])NC(=O)[C@H](CC(=O)O)NC(=O)[C@H](CCSC)NC(=O)[C@H](CCCCN)NC1=O
40,6288,9,CCCCCCCCCC(=O)N[C@@H](Cc1c[nH]c2ccccc12)C(=O)N[C@@H](CC(N)=O)C(=O)N[C@@H](CC(=O)O)C(=O)N[C@@H]1C(=O)NCC(=O)N[C@@H](CCCN)C(=O)N[C@@H](CC(=O)O)C(=O)N[C@H](C)C(=O)N[C@@H](CC(=O)O)C(=O)NCC(=O)N[C@H](CO)C(=O)N[C@@H]([C@H](C)CC(=O)O)C(=O)N[C@@H](CC(=O)c2ccccc2N)C(=O)O[C@@H]1C
41,6397,13,CC[C@H](C)[C@H](NC(=O)[C@H](CC(=O)O)NC(=O)[C@H](CC(C)C)NC(=O)[C@H](Cc1cnc[nH]1)NC(=O)[C@@H]1CSSC[C@H](N)C(=O)N[C@@H](C(C)O)C(=O)N[C@H]2CSSC[C@H](NC(=O)[C@H](CCC(=O)O)NC(=O)[C@H](CCCCN)NC(=O)[C@H](CC(=O)O)NC(=O)[C@H](CCCCN)NC(=O)[C@H](Cc3ccc(O)cc3)NC(=O)[C@H](C(C)O)NC(=O)[C@H](Cc3ccccc3)NC2=O)C(=O)N[C@@H](C(C)C)C(=O)N[C@@H](Cc2ccc(O)cc2)C(=O)N[C@@H](Cc2ccc(O)cc2)C(=O)N1)C(=O)N[C@H](C(=O)N[C@@H](Cc1c[nH]c2ccccc12)C(=O)O)[C@@H](C)CC
42,6429,9,[H]/N=C(\N)NCCC[C@@H]1NC(=O)[C@@H](Cc2cnc[nH]2)NC(=O)[C@H](C)NC(=O)CNC(=O)[C@H](Cc2c[nH]c3ccccc23)NC(=O)[C@@H](CC(=O)O)NC(=O)[C@H](CCC(N)=O)NC(=O)[C@H](Cc2ccc3ccccc3c2)NC(=O)[C@H](C(C)C)NC(=O)[C@@H](NC(=O)[C@@H](NC(C)=O)[C@@H](C)CC)CSSC[C@@H](C(=O)N[C@H](C(=O)O)[C@@H](C)O)NC1=O
43,6484,10,NC(N)=NCCC[C@H]1NC(=O)C(CCCCNC(=O)C(CCC(=O)NCCCC[C@H]2NC(=O)[C@H](Cc3ccc(O)cc3)NC(=O)[C@@H](CC(=O)O)NC(=O)CNC(=O)[C@@H](CCCN=C(N)N)NC2=O)NC(=O)CCO)NC(=O)[C@H](Cc2ccc(O)cc2)NC(=O)[C@@H](CC(=O)O)NC(=O)CNC1=O
44,6623,14,[H]/N=C(\N)NCCC[C@@H]1NC(=O)[C@H](CO)NC(=O)[C@H](Cc2cnc[nH]2)NC(=O)[C@H](CC(=O)O)NC(=O)[C@H](CCCN/C(N)=N/[H])NC(=O)[C@@H]2CSSC[C@H](N)C(=O)N[C@H]3CSSC[C@H](NC1=O)C(=O)N[C@H](C(N)=O)CSSC[C@H](NC(=O)[C@@H](C)NC3=O)C(=O)N[C@@H](CO)C(=O)N[C@@H](CO)C(=O)N[C@@H](CCCCN)C(=O)N[C@@H](Cc1c[nH]c3ccccc13)C(=O)N2
45,6732,7,CC(C)C[C@@H]1NC(=O)[C@H]([C@@H](C)O)NC(=O)[C@H](Cc2c[nH]c3ccccc23)NC(=O)[C@@H]2CCCN2C(=O)[C@H](Cc2ccc(O)cc2)NC(=O)[C@H](C(C)C)NC(=O)[C@H](C(C)C)NC1=O
46,7017,9,CN[C@@H]1CSSC[C@@H](C(=O)O)NC(=O)[C@H](CO)NC(=O)[C@@H]([C@@H](C)O)NC(=O)[C@H](Cc2ccccc2)NC(=O)[C@@H]([C@@H](C)O)NC(=O)[C@H](Cc2ccc(CNC(C)C)cc2)NC(=O)[C@H](Cc2c[nH]c3ccccc23)NC(=O)[C@H](Cc2ccccc2)NC(=O)[C@@H](Cc2ccccc2)NC(=O)[C@@H](CCCCN)NC1=O
47,7367,10,CC[C@H](C)[C@@H]1NC(=O)C(N)C(C)(C)SSC[C@H](C(=O)O)NC(=O)[C@@H](CC(C)C)NC(=O)[C@H](C(C)C)NC(=O)[C@@H](CC(N)=O)NC(=O)[C@H](CCCCN)NC(=O)CNC(=O)[C@H](CCCCN)NC(=O)[C@@H]([C@@H](C)O)NC(=O)[C@H](CC(=O)O)NC(=O)[C@@H](Cc2ccc(O)cc2)NC1=O
48,7548,9,CC(C)NCc1ccc(C[C@@H]2NC(=O)[C@H](Cc3c[nH]c4ccccc34)NC(=O)[C@H](Cc3ccccc3)NC(=O)[C@@H](Cc3ccccc3)NC(=O)[C@@H](CCCCN)NC(=O)[C@H](N)CSSC[C@@H](C(=O)O)NC(=O)[C@H](CO)NC(=O)[C@@H]([C@@H](C)O)N(C)C(=O)[C@H](Cc3ccccc3)NC(=O)[C@@H]([C@@H](C)O)NC2=O)cc1
49,7553,14,[H]/N=C(\N)NCCC[C@@H]1NC(=O)[C@H](CO)NC(=O)[C@H](Cc2cnc[nH]2)NC(=O)[C@H](CC(=O)O)NC(=O)[C@H](CCCN/C(N)=N/[H])NC(=O)[C@@H]2CSSC[C@H](N)C(=O)N[C@H]3CSSC[C@H](NC1=O)C(=O)N[C@H](C(N)=O)CSSC[C@H](NC(=O)[C@@H](CC(N)=O)NC3=O)C(=O)N[C@@H](C)C(=O)N[C@@H](CO)C(=O)N[C@@H](CCCCN)C(=O)N[C@@H](Cc1c[nH]c3ccccc13)C(=O)N2
50,7635,8,CC(C)C[C@H]1NC(=O)[C@H](CC(=O)O)NC(=O)CNC(=O)[C@H](CCCN=C(N)N)NC(=O)[C@@H](Cc2cnc[nH]2)NC(=O)CNC(=O)CNC(=O)[C@H](N)C(C)(C)SSC[C@@H](C(=O)N[C@@H](C)C(=O)O)NC(=O)[C@H](CCCN=C(N)N)NC1=O
51,7835,15,[H]/N=C(\N)NCCC[C@H](NC(=O)[C@H](C)NC(=O)[C@H](CC(N)=O)NC(=O)[C@@H]1CCCN1C(=O)[C@H](Cc1cnc[nH]1)NC(=O)[C@H](CCC(=O)O)NC(=O)[C@H](CCC(N)=O)NC(=O)CNC(=O)[C@@H]1CCCN1)C(=O)N[C@@H](CCCCN)C(=O)N[C@@H](Cc1ccc(O)cc1)C(=O)N[C@@H](CCCCN)C(=O)NCC(=O)N[C@@H](C)C(=O)N[C@@H](CC(N)=O)C(=O)N[C@@H](CCCCN)C(=O)N[C@@H](CCCCN)C(=O)NCC(=O)N[C@@H](CC(C)C)C(=O)N[C@@H](CO)C(=O)N[C@@H](CCCCN)C(=O)NCC(=O)N[C@H]1CSSC[C@@H](C(=O)O)NC(=O)CNC(=O)[C@H](CC(C)C)NC(=O)CNC(=O)[C@H](CO)NC(=O)[C@H](CCSC)NC(=O)[C@H](CO)NC(=O)CNC(=O)[C@H]([C@@H](C)CC)NC(=O)[C@H](CCCN/C(N)=N/[H])NC(=O)[C@H](CC(=O)O)NC(=O)[C@H](CC(C)C)NC(=O)[C@H](CCCCN)NC(=O)[C@H](CC(C)C)NC(=O)CNC(=O)[C@H](Cc2ccccc2)NC1=O
52,8076,12,CCCCCCCCCCCCC[C@@H]1CC(=O)N[C@H]([C@@H](C)O)C(=O)N[C@H](C)C(=O)N[C@@H](Cc2ccc(O)cc2)C(=O)N[C@@H](C(C)C)C(=O)N2C[C@H](O)C[C@H]2C(=O)N[C@H]([C@@H](C)O)C(=O)N[C@@H]([C@@H](C)O)C(=O)N2CC[C@H](O)[C@H]2C(=O)N[C@@H]([C@H](O)CC(N)=O)C(=O)NCC(=O)N[C@H]([C@@H](C)O)C(=O)N[C@@H](CCCN)C(=O)O1
53,8094,10,CSCC[C@H](NC(=O)[C@H](C)NC(=O)[C@@H]1CCCN1C(=O)[C@H](CC(N)=O)NC(=O)[C@H](CO)NC(=O)[C@H](CC(N)=O)NC(=O)[C@H](C)NC(=O)[C@@H](N)CO)C(=O)N[C@@H](C)C(=O)N1CCC[C@H]1C(=O)N[C@@H](CCCN=C(N)N)C(=O)N[C@@H](CCC(=O)O)C(=O)N[C@@H](CCCN=C(N)N)C(=O)N[C@@H](CCCCN)C(=O)N[C@@H](C)C(=O)NCC(=O)N[C@@H]1CSSC[C@@H](C(=O)O)NC(=O)[C@H](CO)NC(=O)[C@@H]([C@@H](C)O)NC(=O)[C@H](Cc2ccccc2)NC(=O)[C@@H]([C@@H](C)O)NC(=O)[C@H](CCCCN)NC(=O)[C@@H](Cc2c[nH]c3ccccc23)NC(=O)[C@H](Cc2ccccc2)NC(=O)[C@@H](Cc2ccccc2)NC(=O)[C@H](CC(N)=O)NC(=O)[C@@H](CCCCN)NC1=O
54,8111,11,CC(=O)O.C[C@@H]1NC(=O)[C@@H]2CCCN2C(=O)[C@H](CC(N)=O)NC(=O)[C@@H]2CSSC[C@H](N)C(=O)N[C@H]3CSSC[C@H](NC1=O)C(=O)N[C@@H]([C@@H](C)O)C(=O)NCC(=O)N[C@H](C(=O)N[C@@H](Cc1ccc(O)cc1)C(=O)O)CSSC[C@H](NC(=O)[C@H](Cc1ccc(O)cc1)NC(=O)[C@H](CCC(=O)O)NC3=O)C(=O)N2
55,8273,11,C/C=C/C[C@@H](C)[C@@H](O)C1C(=O)N[C@@H](CC)C(=O)N(C)[C@H](CO)C(=O)N(C)[C@@H](CC(C)(C)O)C(=O)N[C@@H](C(C)C)C(=O)N(C)[C@@H](CC(C)C)C(=O)N[C@@H](C)C(=O)N[C@H](C)C(=O)N(C)[C@@H](CC(C)C)C(=O)N(C)[C@@H](CC(C)C)C(=O)N(C)[C@@H](C(C)C)C(=O)N1C
56,8445,9,CC(C)NCc1ccc(C[C@@H]2NC(=O)[C@H](Cc3ccc4ccccc4c3)NC(=O)[C@H](Cc3ccccc3)NC(=O)[C@@H](Cc3ccccc3)NC(=O)[C@@H](CCCCN)NC(=O)[C@H](N)CSSC[C@@H](C(=O)O)NC(=O)[C@H](CO)NC(=O)[C@@H]([C@@H](C)O)NC(=O)[C@H](Cc3ccccc3)NC(=O)[C@@H]([C@@H](C)O)NC2=O)cc1
57,8504,10,CC(C)C[C@H](NC(=O)[C@@H]1CSSC[C@@H]2NC(=O)[C@H](CC(C)C)NC(=O)[C@H](CCC(=O)O)NC(=O)[C@@H](NC(=O)[C@H](CCC(=O)O)NC(=O)[C@H](CC(=O)O)NC(=O)[C@@H](N)CC(N)=O)CSSC[C@H](NC(=O)[C@H](C)NC(=O)[C@H](C(C)C)NC(=O)[C@H](CC(N)=O)NC(=O)[C@H](C(C)C)NC2=O)C(=O)N[C@@H]([C@@H](C)O)C(=O)NCC(=O)N1)C(=O)O
58,8544,10,CC(O)[C@H]1NC(=O)[C@H](Cc2ccccc2)NC(=O)[C@@H](C(C)O)NC(=O)[C@@H](CCCCN)NC(=O)[C@H](Cc2c[nH]c3ccccc23)NC(=O)[C@@H](Cc2cnccn2)NC(=O)[C@H](Cc2ccccc2)NC(=O)[C@@H](CC(N)=O)NC(=O)[C@H](CCCCN)NC(=O)[C@@H](NC(=O)CNC(=O)[C@H](C)N)CSSC[C@@H](C(=O)O)NC(=O)[C@H](CO)NC1=O
59,8987,9,CC(C)NCc1ccc(C[C@@H]2NC(=O)[C@H](Cc3ccc4ccccc4c3)NC(=O)[C@H](Cc3ccccc3)NC(=O)[C@@H](Cc3ccccc3)NC(=O)[C@@H](CCCCN)NC(=O)[C@H](N)CSSC[C@@H](C(=O)O)NC(=O)[C@H](CO)NC(=O)[C@@H]([C@@H](C)O)NC(=O)[C@H](Cc3ccccc3)N(C)C(=O)[C@@H]([C@@H](C)O)NC2=O)cc1
60,9126,10,CC[C@@H](C)[C@H]1NC(=O)[C@@H]([C@@H](C)O)NC(=O)[C@@H](Cc2c[nH]c3ccccc23)NC(=O)[C@H](CCCN=C(N)N)NC(=O)[C@@H](Cc2cccc3ccccc23)NC(=O)[C@H](Cc2cnc[nH]2)NC(=O)[C@H]([C@@H](C)O)NC(=O)[C@H](Cc2ccc(O)cc2)NC(=O)[C@H]([C@@H](C)O)NC(=O)[C@H]2CCCN2C1=O
61,9202,8,C[C@@H]1NC(=O)[C@@H]([C@@H](C)O)NC(=O)CNC(=O)[C@@H](Cc2c[nH]cn2)NC(=O)[C@H](Cc2c[nH]c3ccccc23)NC(=O)[C@@H](CC(N)=O)NC(=O)CNC(=O)C[C@H](C(=O)N[C@@H](Cc2c[nH]c3ccccc23)C(=O)N[C@@H](Cc2ccccc2)C(=O)N[C@@H](Cc2ccccc2)C(=O)N[C@@H](CC(N)=O)C(=O)N[C@@H](Cc2ccc(O)cc2)C(=O)N[C@@H](Cc2ccc(O)cc2)C(=O)N[C@H](C)C(=O)O)NC(=O)[C@H]2CCCN2C1=O
62,9677,10,CC[C@@H](C)[C@H]1NC(=O)[C@@H]([C@@H](C)O)NC(=O)[C@@H](Cc2c[nH]c3ccccc23)NC(=O)[C@H](CCCN=C(N)N)NC(=O)[C@@H](Cc2ccccc2)NC(=O)[C@H](Cc2cnc[nH]2)NC(=O)[C@H]([C@@H](C)O)NC(=O)[C@H](Cc2ccc(O)cc2)NC(=O)[C@H](CO)NC(=O)[C@@H]2CCCN2C1=O
63,10057,11,C/C=C/C[C@@H](C)[C@@H](O)[C@H]1C(=O)N[C@@H](CC)C(=O)N(C)CC(=O)N(C)[C@@H]([C@@H](C)CC)C(=O)N[C@@H](C(C)C)C(=O)N(C)[C@@H](CC(C)C)C(=O)N[C@@H](C)C(=O)N[C@H](C)C(=O)N(C)[C@@H](CC(C)C)C(=O)N(C)[C@@H](CC(C)C)C(=O)N(C)[C@@H](C(C)C)C(=O)N1C
64,10075,9,[H]/N=C(\N)NCCC[C@H](NC(=O)[C@@H]1CSSC[C@H](NC(=O)[C@H](Cc2c[nH]c3ccccc23)NC(=O)[C@H](CCCN/C(N)=N/[H])NC(=O)[C@@H](N)CCCN/C(N)=N/[H])C(=O)N[C@@H](CCCN/C(N)=N/[H])C(=O)N[C@@H](Cc2ccc(O)cc2)C(=O)N[C@@H](CCCN/C(N)=N/[H])C(=O)N[C@@H](CCCCN)C(=O)N[C@H](CCCCN)C(=O)N2CCC[C@H]2C(=O)N[C@@H](Cc2ccc(O)cc2)C(=O)N[C@@H](CCCN/C(N)=N/[H])C(=O)N[C@@H](CCCNC(N)=O)C(=O)N1)C(=O)O
65,10795,7,C[C@@H](O)[C@H]1NC(=O)[C@H](CCCCN)NC(=O)[C@H](Cc2c[nH]c3ccccc23)NC(=O)[C@H](Cc2ccccc2)NC(=O)[C@@H](Cc2ccccc2)NC(=O)[C@H](CC(N)=O)NC(=O)[C@H](N)CSSC[C@@H](C(=O)O)NC(=O)[C@H](Cc2ccccc2)NC1=O
66,10852,10,CC(O)[C@H]1NC(=O)[C@H](Cc2ccccc2)NC(=O)[C@@H](C(C)O)NC(=O)[C@@H](CCCCN)NC(=O)[C@H](Cc2c[nH]c3ccccc23)NC(=O)[C@@H](Cc2ccccc2)NC(=O)[C@H](Cc2cnccn2)NC(=O)[C@@H](CC(N)=O)NC(=O)[C@H](CCCCN)NC(=O)[C@@H](NC(=O)CNC(=O)[C@H](C)N)CSSC[C@@H](C(=O)O)NC(=O)[C@H](CO)NC1=O
67,11149,9,CC(C)NCc1ccc(C[C@@H]2NC(=O)[C@@H](Cc3c[nH]c4ccccc34)NC(=O)[C@H](Cc3ccccc3)NC(=O)[C@@H](Cc3ccccc3)NC(=O)[C@@H](CCCCN)NC(=O)[C@H](N)CSSC[C@@H](C(=O)O)NC(=O)[C@H](CO)NC(=O)[C@@H]([C@@H](C)O)NC(=O)[C@H](Cc3ccc(O)cc3)NC(=O)[C@@H]([C@@H](C)O)NC2=O)cc1
68,11353,9,CC(C)C[C@@H]1NC(=O)[C@H](Cc2ccccc2)NC(=O)[C@@H](N)CSSC[C@@H](C(=O)O)NC(=O)[C@H](C(C)C)NC(=O)[C@H](CCC(N)=O)NC(=O)[C@H](CCCN=C(N)N)NC(=O)CNC(=O)[C@H](CCCN=C(N)N)NC(=O)[C@H](CCCCN)NC(=O)[C@H]([C@@H](C)O)NC1=O
69,11512,11,C/C=C/C[C@@H](C)C(=O)[C@H]1C(=O)N[C@@H](C(C)C)C(=O)N(C)CC(=O)N(C)[C@@H](CC(C)C)C(=O)N[C@@H](C(C)C)C(=O)N(C)[C@@H](CC(C)C)C(=O)N[C@@H](C)C(=O)N[C@H](C)C(=O)N(C)[C@@H](CC(C)C)C(=O)N(C)[C@@H](CC(C)C)C(=O)N(C)[C@@H](C(C)C)C(=O)N1C
70,11815,9,CC(C)NCc1ccc(C[C@@H]2NC(=O)[C@H](Cc3ccc4ccccc4c3)NC(=O)[C@H](Cc3ccccc3)NC(=O)[C@@H](Cc3ccccc3)NC(=O)[C@@H](CCCCN)NC(=O)[C@H](N)CSSC[C@@H](C(=O)O)N(C)C(=O)[C@H](CO)NC(=O)[C@@H]([C@@H](C)O)NC(=O)[C@H](Cc3ccccc3)NC(=O)[C@@H]([C@@H](C)O)NC2=O)cc1
71,11900,9,CC(C)NCc1ccc(C[C@H]2C(=O)N[C@H]([C@@H](C)O)C(=O)N[C@@H](Cc3ccccc3)C(=O)N[C@H]([C@@H](C)O)C(=O)N[C@@H](CO)C(=O)N[C@H](C(N)=O)CSSC[C@@H](NC(=O)[C@@H](N)Cc3ccc(O)cc3)C(=O)N[C@H](CCCCN)C(=O)N[C@H](Cc3ccccc3)C(=O)N[C@@H](Cc3ccccc3)C(=O)N[C@@H](Cc3c[nH]c4ccccc34)C(=O)N2C)cc1
72,12499,11,C/C=C/C[C@@H](C)[C@@H](O)[C@H]1C(=O)N[C@@H](CC)C(=O)N(C)CC(=O)N(C)[C@@H](CC(C)C)C(=O)N[C@@H](C(C)C)C(=O)N(C)[C@@H](CC(C)C)C(=O)N[C@@H](C)C(=O)N[C@H](COCCO)C(=O)N(C)[C@@H](CC(C)C)C(=O)N(C)[C@@H](CC(C)C)C(=O)N(C)[C@@H](C(C)C)C(=O)N1C
73,12626,9,[H]/N=C(\N)NCCC[C@@H]1NC(=O)[C@@H](Cc2cnc[nH]2)NC(=O)[C@H](C)NC(=O)CNC(=O)[C@H](Cc2c[nH]c3ccccc23)NC(=O)[C@@H](CC(=O)O)NC(=O)[C@H](CCC(N)=O)NC(=O)[C@@H](Cc2c[nH]c3ccccc23)NC(=O)[C@H](C(C)C)NC(=O)[C@@H](NC(=O)[C@@H](NC(C)=O)[C@@H](C)CC)CSSC[C@@H](C(=O)N[C@H](C(=O)O)[C@@H](C)O)NC1=O
74,12877,9,CC(C)NCc1ccc(C[C@@H]2NC(=O)[C@H](Cc3c[nH]c4ccccc34)NC(=O)[C@H](Cc3ccccc3)NC(=O)[C@@H](Cc3ccccc3)NC(=O)[C@@H](CCCCN)NC(=O)[C@H](N)CSSC[C@@H](C(N)=O)NC(=O)[C@H](CO)NC(=O)[C@@H]([C@@H](C)O)NC(=O)[C@H](Cc3ccc(O)cc3)NC(=O)[C@@H]([C@@H](C)O)NC2=O)cc1
75,13230,8,C[C@@H](O)[C@H]1NC(=O)[C@H](Cc2ccccc2)NC(=O)[C@@H]([C@@H](C)O)NC(=O)[C@H](CCCCN)NC(=O)[C@H](Cc2c[nH]c3ccccc23)NC(=O)[C@H](Cc2ccccc2)NC(=O)[C@@H](Cc2ccccc2)NC(=O)[C@H](CC(N)=O)NC(=O)[C@H](N)CSSC[C@@H](C(=O)O)NC1=O
76,13293,7,COc1ccc(C[C@@H]2NC(=O)[C@H](CC(=O)O)NC(=O)CNC(=O)[C@H](CCCN=C(N)N)NC(=O)[C@@H]3CCCN3C(=O)[C@H](CC(N)=O)NC(=O)[C@@H](NC(C)=O)CSSC[C@@H](C(N)=O)NC(=O)[C@H](CCCN=C(N)N)NC2=O)cc1
77,13420,9,CC(C)NCc1ccc(C[C@H]2C(=O)N[C@H]([C@@H](C)O)C(=O)N[C@@H](Cc3ccccc3)C(=O)N[C@H]([C@@H](C)O)C(=O)N[C@@H](CO)C(=O)N[C@H](C(=O)O)CSSC[C@@H](N)C(=O)N[C@H](CCCCN)C(=O)N[C@H](Cc3ccccc3)C(=O)N[C@@H](Cc3ccccc3)C(=O)N[C@@H](Cc3ccc4ccccc4c3)C(=O)N2C)cc1
78,13429,11,C/C=C/C[C@@H](C)[C@@H](O)[C@H]1C(=O)N[C@@H](CC)C(=O)N(C)[C@H](C)C(=O)N(CC)[C@@H](C(C)C)C(=O)N[C@@H](C(C)C)C(=O)N(C)[C@@H](CC(C)C)C(=O)N[C@@H](C)C(=O)N[C@H](C)C(=O)N(C)[C@@H](CC(C)C)C(=O)N(C)[C@@H](CC(C)C)C(=O)N(C)[C@@H](C(C)C)C(=O)N1C
79,13846,10,C[C@H]1NC(=O)[C@H](N)CSSC[C@@H](C(=O)O)NC(=O)[C@H](Cc2ccccc2)NC(=O)[C@@H]([C@@H](C)O)NC(=O)[C@H](CCC(=O)O)NC(=O)[C@@H](CCCCN)NC(=O)[C@H](CCC(=O)O)NC(=O)[C@@H](CCCCN)NC(=O)[C@H](CCCN=C(N)N)NC(=O)[C@@H](Cc2ccccc2)NC(=O)[C@H](CCC(N)=O)NC1=O
80,14127,9,[H]/N=C(\N)NCCC[C@@H]1NC(=O)[C@@H](Cc2cnc[nH]2)NC(=O)[C@H](C)NC(=O)CNC(=O)[C@H](Cc2c[nH]c3ccccc23)NC(=O)[C@@H](CC(=O)O)NC(=O)[C@H](CCC(N)=O)NC(=O)[C@H](C2CCc3ccccc32)NC(=O)[C@H](C(C)C)NC(=O)[C@@H](NC(=O)[C@@H](NC(C)=O)[C@@H](C)CC)CSSC[C@@H](C(=O)N[C@H](C(=O)O)[C@@H](C)O)NC1=O
81,14779,11,C/C=C/C[C@@H](C)[C@@H](O)C1C(=O)N[C@@H](CC)C(=O)N(C)C(SCCN2CCCCC2)C(=O)N(C)[C@@H](CC(C)(C)O)C(=O)N[C@@H](C(C)C)C(=O)N(C)[C@@H](CC(C)C)C(=O)N[C@@H](C)C(=O)N[C@H](C)C(=O)N(C)[C@@H](CC(C)C)C(=O)N(C)[C@@H](CC(C)C)C(=O)N(C)[C@@H](C(C)C)C(=O)N1C
82,15022,13,CC[C@H](C)[C@H](NC(=O)[C@H](CC(=O)O)NC(=O)[C@H](CC(C)C)NC(=O)[C@H](Cc1cnc[nH]1)NC(=O)[C@@H]1CSSC[C@H](N)C(=O)N[C@@H](CO)C(=O)N[C@H]2CSSC[C@H](NC(=O)[C@H](CCC(=O)O)NC(=O)[C@H](CCCCN)NC(=O)[C@H](CC(=O)O)NC(=O)[C@H](CC(C)C)NC(=O)[C@H](Cc3c[nH]c4ccccc34)NC(=O)[C@H](CO)NC(=O)[C@H](CO)NC2=O)C(=O)N[C@@H](C(C)C)C(=O)N[C@@H](Cc2ccc(O)cc2)C(=O)N[C@@H](Cc2ccccc2)C(=O)N1)C(=O)N[C@H](C(=O)N[C@@H](Cc1c[nH]c2ccccc12)C(=O)O)[C@@H](C)CC
83,15069,8,CC(C)C[C@H](NC(=O)CNC(=O)CNC(=O)[C@@H](N)CCCNC(=N)N)C(=O)N[C@H]1CSSC[C@@H](C(=O)N[C@H](C(=O)NCC(=O)N[C@@H](CCCNC(=N)N)C(N)=O)C(C)C)NC(=O)[C@H](C(C)C)NC(=O)[C@@H]2CSSC[C@H](NC(=O)[C@H](Cc3ccc(O)cc3)NC1=O)C(=O)N[C@@H](CCCNC(=N)N)C(=O)NCC(=O)N[C@@H](CCCNC(=N)N)C(=O)N[C@@H](Cc1ccccc1)C(=O)N2
84,15529,9,[H]/N=C(\N)NCCC[C@@H]1NC(=O)[C@@H](Cc2cnc[nH]2)NC(=O)[C@H](Cc2cnc[nH]2)NC(=O)CNC(=O)[C@H](Cc2c[nH]c3ccccc23)NC(=O)[C@@H](CC(=O)O)NC(=O)[C@H](CCC(N)=O)NC(=O)[C@@H](CO)NC(=O)[C@H](C(C)C)NC(=O)[C@@H](NC(=O)[C@@H](NC(C)=O)[C@@H](C)CC)CSSC[C@@H](C(=O)N[C@H](C(N)=O)[C@@H](C)O)NC1=O
85,15601,9,CC(C)CCCCCCC/C=C\CC(=O)N[C@@H](CC(N)=O)C(=O)N[C@@H]1C(=O)N2CCCC[C@@H]2C(=O)N[C@@H]([C@H](C)C(=O)O)C(=O)N[C@@H](CC(=O)O)C(=O)NCC(=O)N[C@@H](CC(=O)O)C(=O)NCC(=O)N[C@H]([C@@H](C)N)C(=O)N[C@@H](C(C)C)C(=O)N2CCC[C@H]2C(=O)N[C@@H]1C
86,15772,9,CC[C@H](C)[C@@H]1NC(=O)[C@H](CC(=O)O)NC(=O)[C@H](CC(=O)O)NC(=O)CNC(=O)[C@@H]2CCCN2C(=O)[C@H](CC(=O)O)NC(=O)[C@H](Cc2ccc(O)cc2)NC(=O)[C@H]([C@@H](C)CC)NC(=O)[C@H](CO)NC(=O)[C@@H](N)CCC(=O)NCCCC[C@@H](C(=O)O)NC1=O
87,15778,8,CC[C@H](C)[C@@H]1NC(=O)[C@H](CC(=O)O)NC(=O)[C@H](CC(=O)O)NC(=O)CNC(=O)[C@@H]2CCCN2C(=O)[C@H](CC(=O)O)NC(=O)[C@H](Cc2ccc(O)cc2)NC(=O)[C@H]([C@@H](C)CC)NC(=O)[C@@H](N)CCC(=O)NCCCC[C@@H](C(=O)O)NC1=O
88,15843,10,CC(O)[C@H]1NC(=O)[C@H](C)NC(=O)[C@@H](C(C)O)NC(=O)[C@@H](CCCCN)NC(=O)[C@H](Cc2c[nH]c3ccccc23)NC(=O)[C@@H](Cc2ccccc2)NC(=O)[C@H](Cc2ccccc2)NC(=O)[C@@H](CC(N)=O)NC(=O)[C@H](CCCCN)NC(=O)[C@@H](NC(=O)CNC(=O)[C@H](C)N)CSSC[C@@H](C(N)=O)NC(=O)[C@H](CO)NC1=O
89,16178,9,C[C@H](N)C(=O)NCC(=O)N[C@@H]1CSSC[C@@H](C(=O)O)NC(=O)[C@H](CO)NC(=O)[C@@H]([C@@H](C)O)NC(=O)[C@H](Cc2ccccc2)NC(=O)[C@@H]([C@@H](C)O)NC(=O)[C@H](CCCCN)NC(=O)[C@H](Cc2c[nH]c3ccccc23)NC(=O)[C@H](Cc2ccccc2)NC(=O)[C@@H](Cc2ccccc2)NC(=O)[C@@H](CCCCN)NC1=O
90,16212,14,[H]/N=C(\N)NCCC[C@@H]1NC(=O)[C@H](CO)NC(=O)[C@H](Cc2cnc[nH]2)NC(=O)[C@H](CC(=O)O)NC(=O)[C@H](CCCN/C(N)=N/[H])NC(=O)[C@@H]2CSSC[C@H](NC(=O)[C@H](CC(N)=O)NC(=O)[C@@H]3CCC(=O)N3)C(=O)N[C@H]3CSSC[C@H](NC1=O)C(=O)N[C@H](C(N)=O)CSSC[C@H](NC(=O)[C@@H](CC(N)=O)NC3=O)C(=O)N[C@@H](CO)C(=O)N[C@@H](CO)C(=O)N[C@@H](CCCCN)C(=O)N[C@@H](Cc1c[nH]c3ccccc13)C(=O)N2
91,16447,8,[H]/N=C(\N)NCCC[C@H](NC(=O)[C@@H]1CSSC[C@H](NC(=O)[C@H](Cc2c[nH]c3ccccc23)NC(=O)[C@H](CCCN/C(N)=N/[H])NC(=O)[C@@H](N)CCCN/C(N)=N/[H])C(=O)N[C@@H](Cc2ccc(O)cc2)C(=O)N[C@@H](CCCN/C(N)=N/[H])C(=O)N[C@@H](CCCCN)C(=O)N[C@@H](CCCCN)C(=O)NCC(=O)N[C@@H](Cc2ccc(O)cc2)C(=O)N[C@@H](CCCN/C(N)=N/[H])C(=O)N[C@@H](CCCCN)C(=O)N1)C(=O)O
92,16531,8,CC(C)C[C@@H]1NC(=O)[C@@H](NC(=O)[C@@H](N)[C@@H](C)O)[C@H](C)OC(=O)CC[C@@H]2NC(=O)[C@@H]3COC(=O)C[C@H](NC(=O)[C@H](Cc4cc5ccccc5[nH]4)NC2=O)C(=O)N[C@H](C(=O)O)CC(=O)NCCCC[C@H](NC1=O)C(=O)N[C@@H](Cc1ccccc1)C(=O)N1CCC[C@H]1C(=O)N3
93,16718,10,C[C@@H]1NC(=O)[C@@H]2CCCN2C(=O)[C@H](CC(N)=O)NC(=O)[C@@H]2CSSC[C@@H](C(N)=O)NC(=O)[C@H](CO)NC(=O)[C@H](Cc3cccc(O)c3)NC(=O)[C@H](Cc3cnc[nH]3)NC(=O)[C@H](CCCN=C(N)N)NC(=O)CNC(=O)[C@H](CSSC[C@H](NC(=O)[C@@H](N)CCC(=O)O)C(=O)N2)NC1=O
94,16773,8,[H]/N=C(\N)NCCC[C@H](NC(=O)[C@@H]1CSSC[C@H](NC(=O)[C@H](Cc2ccc3ccccc3c2)NC(=O)[C@H](CCCN/C(N)=N/[H])NC(=O)[C@@H](N)CCCN/C(N)=N/[H])C(=O)N[C@@H](Cc2ccc(O)cc2)C(=O)N[C@@H](CCCN/C(N)=N/[H])C(=O)N[C@@H](CCCCN)C(=O)N[C@H](CCCCN)C(=O)N2CCC[C@H]2C(=O)N[C@@H](Cc2ccc(O)cc2)C(=O)N[C@@H](CCCN/C(N)=N/[H])C(=O)N[C@@H](CCCNC(N)=O)C(=O)N1)C(=O)O
95,16916,9,CC(C)NCc1ccc(C[C@H]2C(=O)N[C@H]([C@@H](C)O)C(=O)N[C@@H](Cc3ccc(O)cc3)C(=O)N[C@H]([C@@H](C)O)C(=O)N[C@@H](CO)C(=O)N[C@H](C(=O)O)CSSC[C@@H](N)C(=O)N[C@H](CCCCN)C(=O)N[C@H](Cc3ccccc3)C(=O)N[C@@H](Cc3ccccc3)C(=O)N[C@@H](Cc3c[nH]c4ccccc34)C(=O)N2C)cc1
96,16940,7,CC1NC(=O)C(CC(C)(O)CO)NC(=O)C2Cc3c([nH]c4ccccc34)SCC(NC(=O)C(C(C)O)NC1=O)C(=O)N1CC(O)CC1C(=O)NC(C)C(=O)N2
97,17044,9,[H]/N=C(/N)NCCC[C@H](NC(=O)[C@H](CCC(N)=O)NC(=O)[C@H](CCCN/C(N)=N/[H])NC(=O)[C@H](CCCN/C(N)=N/[H])NC(=O)[C@H](CCCCN)NC(=O)[C@H](CCCCN)NC(=O)[C@H](CCCN/C(N)=N/[H])NC(=O)CN)C(=O)N[C@@H](CCCN/C(N)=N/[H])C(=O)N[C@@H](CCCN/C(N)=N/[H])C(=O)N1CCC[C@H]1C(=O)N1CCC[C@H]1C(=O)N[C@@H](CCC(N)=O)C(=O)NCCC(=O)N[C@H]1CSSC[C@@H](C(=O)O)NC(=O)[C@H]([C@@H](C)O)NC(=O)CNC(=O)[C@H](CC(C)C)NC(=O)[C@H](Cc2c[nH]cn2)NC(=O)[C@H](CCCN/C(N)=N/[H])NC(=O)[C@@H]2CCCN2C(=O)[C@H](CO)NC(=O)[C@H](CCSC)NC(=O)[C@H](Cc2c[nH]c3ccccc23)NC1=O
98,17251,9,[H]/N=C(\N)NCCC[C@@H]1NC(=O)[C@@H](Cc2cnc[nH]2)NC(=O)[C@H](C)NC(=O)CNC(=O)[C@H](Cc2c[nH]c3ccccc23)NC(=O)[C@@H](CC(=O)O)NC(=O)[C@H](CCC(N)=O)NC(=O)[C@H](Cc2ccc(C(=O)c3ccccc3)cc2)NC(=O)[C@H](C(C)C)NC(=O)[C@@H](NC(=O)[C@@H](NC(C)=O)[C@@H](C)CC)CSSC[C@@H](C(=O)N[C@H](C(N)=O)[C@@H](C)O)NC1=O
99,17373,8,C[C@@H](O)[C@H]1NC(=O)[C@H](Cc2ccccc2)NC(=O)[C@@H]([C@@H](C)O)NC(=O)[C@H](CCCCN)NC(=O)[C@H](Cc2c[nH]c3ccccc23)NC(=O)[C@H](Cc2ccccc2)NC(=O)[C@@H](Cc2ccccc2)NC(=O)[C@H](N)CSSC[C@@H](C(=O)O)NC(=O)[C@H](CO)NC1=O
100,17970,10,[H]/N=C(\N)NCCC[C@H]1NC(=O)C(CCCCNC(=O)C(CCC(=O)NCCCC[C@H]2NC(=O)[C@H](Cc3ccc(O)cc3)NC(=O)[C@@H](CC(=O)O)NC(=O)CNC(=O)[C@@H](CCCN/C(N)=N/[H])NC2=O)NC(=O)CCO[C@H](C(=O)OC2C[C@@]3(O)C(OC(=O)c4ccccc4)C4[C@]5(OC(C)=O)COC5C[C@H](O)[C@@]4(C)C(=O)[C@H](OC(C)=O)C(=C2C)C3(C)C)[C@@H](NC(=O)c2ccccc2)c2ccccc2)NC(=O)[C@H](Cc2ccc(O)cc2)NC(=O)[C@@H](CC(=O)O)NC(=O)CNC1=O
101,18062,7,CC(C)C[C@@H]1NC(=O)CNC(=O)[C@H](CCC(=O)O)NC(=O)[C@H](C)NC(=O)[C@H](Cc2ccc(O)cc2)NC(=O)[C@H](Cc2ccc(O)cc2)NC(=O)CC[C@@H](C(N)=O)NC(=O)[C@H](CCC(=O)O)NC1=O
102,18168,10,CC(O)[C@H]1NC(=O)[C@H](Cc2cnccn2)NC(=O)[C@@H](C(C)O)NC(=O)[C@@H](CCCCN)NC(=O)[C@H](Cc2c[nH]c3ccccc23)NC(=O)[C@@H](Cc2ccccc2)NC(=O)[C@H](Cc2ccccc2)NC(=O)[C@@H](CC(N)=O)NC(=O)[C@H](CCCCN)NC(=O)[C@@H](NC(=O)CNC(=O)[C@H](C)N)CSSC[C@@H](C(=O)O)NC(=O)[C@H](CO)NC1=O
103,18764,11,C=C/C=C/C[C@@H](C)[C@@H](O)[C@H]1C(=O)N[C@@H](CC)C(=O)N(C)CC(=O)N(C)[C@@H](CC(C)C)C(=O)N[C@@H](C(C)C)C(=O)N(C)[C@@H](CC(C)C)C(=O)N[C@@H](C)C(=O)N[C@H](C)C(=O)N(C)[C@@H](CC(C)C)C(=O)N(C)[C@@H](CC(C)C)C(=O)N(C)[C@@H](C(C)C)C(=O)N1C
104,19254,13,CCC(C)C(NC(=O)C(NC(=O)C(CC(=O)O)NC(=O)C(CCC(N)=O)NC(=O)C(Cc1cnc[nH]1)NC(=O)C1CSSCC(N)C(=O)NC(C(C)O)C(=O)NC2CSSCC(NC(=O)C(CCC(=O)O)NC(=O)C(CCC(=O)O)NC(=O)C(CC(=O)O)NC(=O)C(C(C)O)NC(=O)C(CCSC)NC(=O)C(CC(=O)O)NC(=O)C(CC(N)=O)NC2=O)C(=O)NC(CC(C)C)C(=O)NC(CC(N)=O)C(=O)NC(Cc2ccccc2)C(=O)N1)C(C)C)C(=O)NC(Cc1c[nH]c2ccccc12)C(=O)O
105,19656,14,NCCCC[C@@H]1NC(=O)[C@H](CO)NC(=O)[C@H](CO)NC(=O)[C@@H]2CSSC[C@@H](C(N)=O)NC(=O)[C@@H]3CSSC[C@H](NC(=O)[C@@H](N)CSSC[C@H](NC(=O)[C@H](Cc4c[nH]c5ccccc45)NC1=O)C(=O)N[C@@H](CCCN=C(N)N)C(=O)N[C@@H](CC(=O)O)C(=O)N[C@@H](Cc1cnc[nH]1)C(=O)N[C@@H](CO)C(=O)N[C@@H](CCCN=C(N)N)C(=O)N3)C(=O)N[C@H](CC(N)=O)C(=O)N2
106,19764,9,CC(C)NCc1ccc(C[C@@H]2NC(=O)[C@H](Cc3c[nH]c4ccccc34)NC(=O)[C@H](Cc3ccccc3)NC(=O)[C@@H](Cc3ccccc3)NC(=O)[C@@H](CCCCN)NC(=O)[C@H](NC(=O)[C@@H](N)Cc3ccc(O)cc3)CSSC[C@@H](C(N)=O)NC(=O)[C@H](CO)NC(=O)[C@@H]([C@@H](C)O)NC(=O)[C@H](Cc3ccccc3)NC(=O)[C@@H]([C@@H](C)O)NC2=O)cc1
107,19828,9,CC(C)NCc1ccc(C[C@@H]2NC(=O)[C@H](Cc3c[nH]c4ccccc34)NC(=O)[C@H](Cc3ccccc3)NC(=O)[C@@H](Cc3ccccc3)NC(=O)[C@@H](CCCCN)NC(=O)[C@H](N)CSSC[C@@H](C(=O)O)N(C)C(=O)[C@H](CO)NC(=O)[C@@H]([C@@H](C)O)NC(=O)[C@H](Cc3ccccc3)NC(=O)[C@@H]([C@@H](C)O)NC2=O)cc1
108,19902,8,CCC(C)C1NC(=O)CNC(=O)C2Cc3c([nH]c4cc(O)ccc34)S(=O)CC(NC(=O)CNC1=O)C(=O)NC(CC(N)=O)C(=O)N1CC(O)CC1C(=O)NC(C(C)C(O)CO)C(=O)N2
109,19924,9,[H]/N=C(\N)NCCC[C@@H]1NC(=O)[C@@H](Cc2cnc[nH]2)NC(=O)[C@H](C)NC(=O)CNC(=O)[C@H](Cc2c[nH]c3ccccc23)NC(=O)[C@@H](CC(=O)O)NC(=O)[C@H](CCC(N)=O)NC(=O)[C@H](Cc2cccc3ccccc23)NC(=O)[C@H](C(C)C)NC(=O)[C@@H](NC(=O)[C@@H](NC(C)=O)[C@@H](C)CC)CSSC[C@@H](C(=O)N[C@H](C(=O)O)[C@@H](C)O)NC1=O
110,20061,9,CC(C)[C@@H]1NC(=O)[C@H](CO)NC(=O)[C@H](CO)NC(=O)[C@@H](N)CSSC[C@@H](C(=O)NCC(N)=O)NC(=O)CNC(=O)[C@H]([C@@H](C)O)NC(=O)[C@H]([C@@H](C)O)NC(=O)[C@H](Cc2c[nH]c3ccccc23)NC(=O)[C@H](C)NC(=O)[C@H]([C@@H](C)O)NC1=O
111,20347,9,[H]/N=C(\N)NCCC[C@@H]1NC(=O)[C@@H](Cc2cnc[nH]2)NC(=O)[C@H](Cc2cnc[nH]2)NC(=O)CNC(=O)[C@H](Cc2c[nH]c3ccccc23)NC(=O)[C@@H](CC(=O)O)NC(=O)[C@H](CCC(N)=O)NC(=O)[C@@H](Cc2c[nH]c3ccccc23)NC(=O)[C@H](C(C)C)NC(=O)[C@@H](NC(=O)[C@@H](NC(C)=O)[C@@H](C)CC)CSSC[C@@H](C(=O)N[C@H](C(N)=O)[C@@H](C)O)NC1=O
112,20372,16,[H]/N=C(\N)NCCCC1NC(=O)C(CC(=O)O)NC(=O)C(C(C)C)NC(=O)CNC(=O)C(Cc2ccccc2)NC(=O)C(CC(C)C)NC(=O)C(CC(=O)O)NC(=O)C(CCCCN)NC(=O)C(NC(=O)C(NC(=O)C(CO)NC(=O)C(Cc2c[nH]c3ccccc23)NC(=O)C2CSSCC(NC(=O)C(CC(=O)O)NC(=O)C(NC(=O)C(CC(=O)O)NC(=O)C(NC(=O)C(Cc3ccccc3)NC(=O)C3CCC(=O)N3)C(C)O)C(C)C)C(=O)NC(CO)C(=O)NC(C(C)C)C(=O)NC(CO)C(=O)NC(CCCCN)C(=O)NC(CCC(=O)O)C(=O)N2)C(C)C)CSSCC(C(=O)NC(CCSC)C(=O)NCC(=O)NC(CCCCN)C(=O)NC(CCCCN)C(=O)NC2CSSCC(C(=O)NC(Cc3ccc(O)cc3)C(=O)NC(CCC(N)=O)C(=O)O)NC(=O)C(CCCN/C(N)=N/[H])NC2=O)NC(=O)C(CCCCN)NC(=O)CNC1=O
113,20414,11,C/C=C/C[C@@H](C)[C@@H](O)[C@H]1C(=O)N[C@H](CC)C(=O)N(C)CC(=O)N(C)[C@@H](CC(C)C)C(=O)N[C@@H](C(C)C)C(=O)N(C)[C@H](CC(C)C)C(=O)N[C@@H](C)C(=O)N[C@@H](C)C(=O)N(C)[C@@H](CC(C)C)C(=O)N(C)[C@@H](CC(C)C)C(=O)N(C)[C@H](C(C)C)C(=O)N1C
114,20592,9,CCCCC[C@H]1CC[C@@H](C(=O)N[C@@H](Cc2c[nH]c3ccccc23)C(=O)N[C@@H](CC(N)=O)C(=O)N[C@@H](CC(=O)O)C(=O)N[C@@H]2C(=O)NCC(=O)N[C@@H](CCCN)C(=O)N[C@@H](CC(=O)O)C(=O)N[C@H](C)C(=O)N[C@@H](CC(=O)O)C(=O)NCC(=O)N[C@H](CO)C(=O)N[C@@H]([C@H](C)CC(=O)O)C(=O)N[C@@H](CC(=O)c3ccccc3N)C(=O)O[C@@H]2C)CC1
115,20696,13,CCC(C)C(NC(=O)C(NC(=O)C(CC(=O)O)NC(=O)C(CCC(N)=O)NC(=O)C(Cc1c[nH]cn1)NC(=O)C1CSSCC(N)C(=O)NC(CO)C(=O)NC2CSSCC(NC(=O)C(CCC(=O)O)NC(=O)C(CCCCN)NC(=O)C(CC(=O)O)NC(=O)C(C(C)O)NC(=O)C(CCSC)NC(=O)C(CC(=O)O)NC(=O)C(CCCCN)NC2=O)C(=O)NC(CC(C)C)C(=O)NC(Cc2ccc(O)cc2)C(=O)NC(Cc2ccccc2)C(=O)N1)C(C)C)C(=O)NC(Cc1c[nH]c2ccccc12)C(=O)O
116,21043,10,C[C@@H](O)C1NC(=O)[C@H](Cc2ccc(O)cc2)NC(=O)C([C@@H](C)O)NC(=O)[C@H](CCCCN)NC(=O)[C@H](Cc2c[nH]c3ccccc23)NC(=O)[C@H](Cc2ccccc2)NC(=O)[C@H](Cc2ccccc2)NC(=O)C(CC(N)=O)NC(=O)[C@H](CCCCN)NC(=O)CCCCC[C@@H](C(=O)O)NC(=O)[C@H](CO)NC1=O
117,21199,8,Cc1c2oc3c(C)ccc(C(=O)N[C@@H]4C(=O)N[C@H](C(C)C)C(=O)N5CCC[C@H]5C(=O)N(C)CC(=O)N(C)[C@@H](C(C)C)C(=O)O[C@@H]4C)c3nc-2c(C(=O)N[C@@H]2C(=O)N[C@H](C(C)C)C(=O)N3CCC[C@H]3C(=O)N(C)CC(=O)N(C)[C@@H](C(C)C)C(=O)O[C@@H]2C)c(N)c1=O
118,21300,9,[H]/N=C(\N)NCCC[C@@H]1NC(=O)[C@@H](Cc2cnc[nH]2)NC(=O)[C@H](C)NC(=O)CNC(=O)[C@H](Cc2c[nH]c3ccccc23)NC(=O)[C@@H](CC(=O)O)NC(=O)[C@H](CCC(N)=O)NC(=O)[C@H](Cc2c[nH]c3ccccc23)NC(=O)[C@H](C(C)C)NC(=O)[C@@H](NC(=O)[C@@H](NC(C)=O)[C@@H](C)CC)CSSC[C@@H](C(=O)N[C@H](C(=O)O)[C@@H](C)O)NC1=O
119,21350,12,CC(C)CCC[C@@H]1CC(=O)N[C@@H](CO)C(=O)N[C@H]([C@@H](O)C(N)=O)C(=O)N[C@@H](CO)C(=O)NCC(=O)N(C)[C@H](Cc2ccccc2)C(=O)N[C@@H](CC(C)C)C(=O)N[C@H](CCCN)C(=O)N[C@@H](CCC(=O)O)C(=O)N[C@H](CC(N)=O)C(=O)N[C@H](Cc2c[nH]c3ccccc23)C(=O)N[C@H](CCCN)C(=O)N(C)[C@@H](C(C)C)C(=O)O1
120,21413,11,[H]/N=C(\N)NCCC[C@@H]1NC(=O)[C@@H]2CCCN2C(=O)[C@@H]2CCCN2C(=O)CNC(=O)[C@H](CO)NC(=O)[C@@H]2CSSC[C@H](NC(=O)[C@H](CCC(=O)O)NC(=O)[C@H](Cc3ccccc3)NC1=O)C(=O)N[C@@H](Cc1c[nH]c3ccccc13)C(=O)N[C@H](C(=O)N[C@@H](Cc1ccc(O)cc1)C(=O)N[C@@H](CCC(=O)O)C(=O)N[C@H](C(=O)N[C@@H](CCC(=O)O)C(=O)NCC(=O)N[C@H](C(=O)NCC(=O)NCC(=O)NCC(=O)N[C@@H](CCCCNC(=O)CCCCCN1/C(=C\C=C\C=C\C3=[N+](CCCCS(=O)(=O)O)c4ccc(S(=O)(=O)[O-])cc4C3(C)CCCCS(=O)(=O)O)C(C)(C)c3cc(S(=O)(=O)O)ccc31)C(N)=O)[C@@H](C)O)[C@@H](C)O)CSSC[C@H](NC(=O)[C@H](CO)NC(=O)CNC(=O)[C@H](C)NC(C)=O)C(=O)N[C@@H](Cc1ccc(O)cc1)C(=O)N2
121,21461,9,[H]/N=C(\N)NCCC[C@@H]1NC(=O)[C@@H](Cc2cnc[nH]2)NC(=O)[C@H](Cc2cnc[nH]2)NC(=O)CNC(=O)[C@H](Cc2c[nH]c3ccccc23)NC(=O)[C@@H](CC(=O)O)NC(=O)[C@H](CCC(N)=O)NC(=O)[C@@H]([C@@H](C)O)NC(=O)[C@H](C(C)C)NC(=O)[C@@H](NC(=O)[C@@H](NC(C)=O)[C@@H](C)CC)CSSC[C@@H](C(=O)N[C@H](C(N)=O)[C@@H](C)O)NC1=O
122,22072,9,CC(C)NCc1ccc(C[C@H]2C(=O)N[C@H]([C@@H](C)O)C(=O)N[C@@H](Cc3ccccc3)C(=O)N[C@H]([C@@H](C)O)C(=O)N[C@@H](CO)C(=O)N[C@H](C(=O)O)CSSC[C@@H](NC(=O)[C@@H](N)Cc3ccc(O)cc3)C(=O)N[C@H](CCCCN)C(=O)N[C@H](Cc3ccccc3)C(=O)N[C@@H](Cc3ccccc3)C(=O)N[C@@H](Cc3c[nH]c4ccccc34)C(=O)N2C)cc1
123,22085,7,CC(C)C[C@@H]1NC(=O)CNC(=O)[C@H](CCC(=O)O)NC(=O)[C@H](CC(=O)O)NC(=O)[C@H](Cc2ccc(O)cc2)NC(=O)[C@H](Cc2ccc(O)cc2)NC(=O)CC[C@@H](C(N)=O)NC(=O)[C@H](CCC(=O)O)NC1=O
124,22111,9,[H]/N=C(\N)NCCC[C@@H]1NC(=O)[C@@H](Cc2cnc[nH]2)NC(=O)[C@H](Cc2cnc[nH]2)NC(=O)CNC(=O)[C@H](Cc2c[nH]c3ccccc23)NC(=O)[C@@H](CC(=O)O)NC(=O)[C@H](CCC(N)=O)NC(=O)[C@@H](Cc2ccccc2)NC(=O)[C@H](C(C)C)NC(=O)[C@@H](NC(=O)[C@@H](NC(C)=O)[C@@H](C)CC)CSSC[C@@H](C(=O)N[C@H](C(N)=O)[C@@H](C)O)NC1=O
125,22148,9,[H]/N=C(\N)NCCC[C@@H]1NC(=O)[C@@H](Cc2cnc[nH]2)NC(=O)[C@H](C)NC(=O)CNC(=O)[C@H](Cc2c[nH]c3ccccc23)NC(=O)[C@@H](CC(=O)O)NC(=O)[C@H](CCC(N)=O)NC(=O)[C@@H](Cc2c[nH]c3ccccc23)NC(=O)[C@H](C(C)C)NC(=O)[C@@H](NC(=O)[C@@H](NC(C)=O)[C@@H](C)CC)CSSC[C@@H](C(=O)N[C@H](C(=O)O)[C@H](C)O)NC1=O
126,22246,9,CN[C@@H]1CSSC[C@@H](C(=O)O)NC(=O)[C@H](CO)NC(=O)[C@@H]([C@@H](C)O)NC(=O)[C@H](Cc2ccccc2)NC(=O)[C@@H]([C@@H](C)O)NC(=O)[C@H](Cc2ccc(CNC(C)C)cc2)NC(=O)[C@H](Cc2ccc3ccccc3c2)NC(=O)[C@H](Cc2ccccc2)NC(=O)[C@@H](Cc2ccccc2)NC(=O)[C@@H](CCCCN)NC1=O
127,22387,8,C[C@H](N)C(=O)NCC(=O)N[C@@H]1CSSC[C@@H](C(=O)O)NC(=O)[C@H](CO)NC(=O)[C@@H]([C@@H](C)O)NC(=O)[C@H](CCCCN)NC(=O)[C@@H](Cc2c[nH]c3ccccc23)NC(=O)[C@H](Cc2ccccc2)NC(=O)[C@@H](Cc2ccccc2)NC(=O)[C@H](CC(N)=O)NC(=O)[C@@H](CCCCN)NC1=O
128,22606,14,[H]/N=C(\N)NCCC[C@@H]1NC(=O)[C@H](C)NC(=O)[C@H](Cc2cnc[nH]2)NC(=O)[C@H](CC(=O)O)NC(=O)[C@H](CCCN/C(N)=N/[H])NC(=O)[C@@H]2CSSC[C@H](N)C(=O)N[C@H]3CSSC[C@H](NC1=O)C(=O)N[C@H](C(N)=O)CSSC[C@H](NC(=O)[C@@H](CC(N)=O)NC3=O)C(=O)N[C@@H](CO)C(=O)N[C@@H](CO)C(=O)N[C@@H](CCCCN)C(=O)N[C@@H](Cc1c[nH]c3ccccc13)C(=O)N2
129,22673,10,CC(O)[C@H]1NC(=O)[C@H](Cc2ccccc2)NC(=O)[C@@H](C(C)O)NC(=O)[C@@H](CCCCN)NC(=O)[C@H](Cc2c[nH]c3ccccc23)NC(=O)[C@@H](Cc2ccccc2)NC(=O)[C@H](Cc2ccccc2)NC(=O)[C@@H](CC(N)=O)NC(=O)[C@H](CCCCN)NC(=O)[C@@H](NC(=O)CNC(=O)[C@H](C)N)CSSC[C@@H](C(=O)O)NC(=O)[C@H](CO)NC1=O
130,23013,9,CC(C)NCc1ccc(C[C@@H]2NC(=O)[C@H](Cc3c[nH]c4ccccc34)NC(=O)[C@H](Cc3ccccc3)NC(=O)[C@@H](Cc3ccccc3)NC(=O)[C@@H](CCCCN)NC(=O)[C@H](NC(=O)[C@@H](N)Cc3ccc(O)cc3)CSSC[C@@H](C(=O)O)NC(=O)[C@H](CO)NC(=O)[C@@H]([C@@H](C)O)NC(=O)[C@H](Cc3ccccc3)NC(=O)[C@@H]([C@@H](C)O)NC2=O)cc1
131,23288,7,CC(C)[C@@H]1NC(=O)CNC(=O)[C@@H]2CCCN2C(=O)[C@H](Cc2c[nH]c3ccccc23)NC(=O)CNC(=O)[C@H](C(O)c2ccc(O)cc2)NC(=O)CNC1=O
132,23302,9,[H]/N=C(\N)NCCC[C@@H]1NC(=O)[C@@H](Cc2cnc[nH]2)NC(=O)[C@H](C)NC(=O)CNC(=O)[C@H](Cc2c[nH]c3ccccc23)NC(=O)[C@@H](CC(=O)O)NC(=O)[C@H](CCC(N)=O)NC(=O)[C@H](Cc2ccc(OP(=O)(O)O)cc2)NC(=O)[C@H](C(C)C)NC(=O)[C@@H](NC(=O)[C@@H](NC(C)=O)[C@@H](C)CC)CSSC[C@@H](C(=O)N[C@H](C(N)=O)[C@@H](C)CC)NC1=O
133,23512,10,C[C@H](N)C(=O)NCC(=O)N[C@H]1CSSC[C@@H](C(=O)O)NC(=O)[C@H](CO)NC(=O)[C@H]([C@@H](C)O)NC(=O)[C@H](Cc2ccccc2)NC(=O)[C@H]([C@@H](C)O)NC(=O)[C@H](CCCCN)NC(=O)[C@H](Cc2c[nH]c3ccccc23)NC(=O)[C@H](Cc2ccccc2)NC(=O)[C@H](Cc2ccccc2)NC(=O)[C@H](CC(N)=O)NC(=O)[C@H](CCCCN)NC1=O
134,23529,8,[H]/N=C(\N)NCCC[C@H](NC(=O)[C@@H]1CSSC[C@H](NC(=O)[C@H](Cc2ccc3ccccc3c2)NC(=O)[C@H](CCCN/C(N)=N/[H])NC(=O)[C@H](CCCN/C(N)=N/[H])NC(=O)c2ccc(F)cc2)C(=O)N[C@@H](Cc2ccc(O)cc2)C(=O)N[C@@H](CCCNC(N)=O)C(=O)N[C@@H](CCCCN)C(=O)N[C@@H](CCCCN)C(=O)N2CCC[C@H]2C(=O)N[C@@H](Cc2ccc(O)cc2)C(=O)N[C@@H](CCCN/C(N)=N/[H])C(=O)N[C@@H](CCCNC(N)=O)C(=O)N1)C(N)=O
135,23554,9,[H]/N=C(\N)NCCC[C@@H]1NC(=O)[C@@H](Cc2cnc[nH]2)NC(=O)[C@H](C)NC(=O)CNC(=O)[C@H](Cc2c[nH]c3ccccc23)NC(=O)[C@@H](CC(=O)O)NC(=O)[C@H](CCC(N)=O)NC(=O)[C@H](Cc2ccc3ccccc3c2)NC(=O)[C@H](C(C)C)NC(=O)[C@@H](NC(=O)[C@@H](NC(C)=O)[C@@H](C)CC)CSSC[C@@H](C(=O)N[C@H](C(N)=O)[C@@H](C)O)NC1=O
136,23780,10,CC[C@H](C)[C@@H]1NC(=O)[C@H](CC(=O)O)NC(=O)[C@@H](CC(=O)O)NC(=O)CNC(=O)[C@@H]2CCCN2C(=O)[C@H](CC(=O)O)NC(=O)[C@H](Cc2ccc(O)cc2)NC(=O)[C@H]([C@@H](C)CC)NC(=O)[C@H](CCC(=O)O)NC(=O)[C@H](CCCCN)NC1=O
137,23783,12,[H]/N=C(\N)NCCC[C@H](NC(=O)[C@@H]1CSSC[C@H](NC(=O)[C@H](Cc2c[nH]c3ccccc23)NC(=O)[C@H](CCCN/C(N)=N/[H])NC(=O)[C@@H](N)CCCN/C(N)=N/[H])C(=O)N[C@@H](Cc2ccc(O)cc2)C(=O)N[C@@H](CCCN/C(N)=N/[H])C(=O)N[C@@H](CCCCN)C(=O)N[C@H]2CSSC[C@H](NC(=O)[C@H](Cc3ccc(O)cc3)NC(=O)CNC(=O)[C@H](CCCCN)NC(=O)[C@H](Cc3ccc(O)cc3)NC2=O)C(=O)N[C@@H](Cc2ccc(O)cc2)C(=O)N[C@@H](CCCN/C(N)=N/[H])C(=O)N[C@@H](CCCCN)C(=O)N1)C(N)=O
138,24370,9,[H]/N=C(\N)NCCC[C@@H]1NC(=O)[C@@H](Cc2cnc[nH]2)NC(=O)[C@H](C)NC(=O)CNC(=O)[C@H](Cc2c[nH]c3ccccc23)NC(=O)[C@@H](CC(=O)O)NC(=O)[C@H](CCC(N)=O)NC(=O)[C@H](C2CCc3ccccc32)NC(=O)[C@H](C(C)C)NC(=O)[C@@H](NC(=O)[C@@H](NC(C)=O)[C@@H](C)CC)CSSC[C@@H](C(=O)N[C@H](C(N)=O)[C@@H](C)O)NC1=O
139,24514,9,CC[C@H](C)[C@H](NC(C)=O)C(=O)N[C@H]1CSSC[C@@H](C(=O)N[C@H](C(N)=O)[C@@H](C)O)NC(=O)[C@H](CCCN=C(N)N)NC(=O)[C@@H](Cc2c[nH]cn2)NC(=O)[C@H](C)NC(=O)CNC(=O)[C@H](Cc2c[nH]c3ccccc23)NC(=O)[C@@H](CC(=O)O)NC(=O)[C@H](CCC(N)=O)NC(=O)[C@@H](Cc2ccc(O)cc2)NC(=O)[C@H](C(C)C)NC1=O
140,25000,13,[H]/N=C(\N)NCCC[C@@H]1NC(=O)[C@H](C)NC(=O)[C@@H]2CSSC[C@H](N)C(=O)N[C@@H](CC(N)=O)C(=O)N[C@@H](CSSC[C@@H](C(=O)N[C@@H](CCC(N)=O)C(=O)N[C@@H](CCC(N)=O)C(=O)N[C@@H](Cc3cnc[nH]3)C(N)=O)NC(=O)[C@H](CCCN/C(N)=N/[H])NC1=O)C(=O)N[C@@H](CCCCN)C(=O)N[C@@H](C)C(=O)N1CCC[C@H]1C(=O)N[C@@H](CCC(=O)O)C(=O)N[C@@H]([C@@H](C)O)C(=O)N[C@@H](C)C(=O)N[C@@H](CC(C)C)C(=O)N2
141,25084,9,CC(C)NCc1ccc(C[C@H]2C(=O)N[C@H]([C@@H](C)O)C(=O)N[C@@H](Cc3ccccc3)C(=O)N[C@H]([C@@H](C)O)C(=O)N[C@@H](CO)C(=O)N[C@H](C(=O)O)CSSC[C@@H](N)C(=O)N[C@H](CCCCN)C(=O)N[C@H](Cc3ccccc3)C(=O)N[C@@H](Cc3ccccc3)C(=O)N[C@@H](Cc3c[nH]c4ccccc34)C(=O)N2C)cc1
142,25824,7,NC(=O)COCC(=O)NCCOCCOCCOCCNC(=O)[C@@H]1CSCC(=O)N[C@@H](CCCCNC(=O)COCC(=O)NCCOCCOCCOCCOCCOCCNC(=O)CO/N=C\c2ccc([18F])cc2)C(=O)N[C@H]2CSSC[C@H](NC(=O)[C@H](CC(=O)O)NC(=O)CNC(=O)[C@H](CCCN=C(N)N)NC2=O)C(=O)N[C@@H](Cc2ccccc2)C(=O)N1
143,26016,8,CC(C)CCCCCCCCC[C@@H]1CC(=O)N[C@H]([C@@H](C)O)C(=O)N2CCC[C@@H]2C(=O)N2CCC[C@H]2C(=O)N[C@@H](CCCNC(=N)N)C(=O)N[C@H]([C@@H](O)C(=O)O)C(=O)N[C@@H](CO)C(=O)N2CC[C@H](O)[C@H]2C(=O)N[C@@H]([C@H](O)C(=O)O)C(=O)O1
144,26020,11,[H]/N=C(\N)NCCC[C@@H]1NC(=O)CNC(=O)[C@@H](C)NC(=O)[C@H](Cc2ccccc2)NC(=O)[C@H](Cc2c[nH]cn2)NC(=O)[C@H](NC(=O)CCCCCC)CSSC[C@@H](C(=O)N[C@@H](Cc2ccc(O)cc2)C(=O)N2C[C@H](C(N)=O)NC(=O)[C@@H]2CCCN/C(N)=N/[H])NC(=O)[C@H](CO)NC(=O)[C@H]([C@@H](C)CC)NC(=O)[C@H](CCCN/C(N)=N/[H])NC(=O)[C@H](CC(=O)O)NC(=O)[C@@H](CCCC)NC1=O
145,26344,10,CC(O)[C@H]1NC(=O)[C@H](Cc2ccccc2)NC(=O)[C@@H](C(C)O)NC(=O)[C@@H](CCCCN)NC(=O)[C@H](Cc2c[nH]c3ccccc23)NC(=O)[C@@H](Cc2ccccc2)NC(=O)[C@H](C)NC(=O)[C@@H](CC(N)=O)NC(=O)[C@H](CCCCN)NC(=O)[C@@H](NC(=O)CNC(=O)[C@H](C)N)CSSC[C@@H](C(N)=O)NC(=O)[C@H](CO)NC1=O
146,26438,8,[H]/N=C(\N)NCCC[C@H](NC(=O)[C@@H]1CSSC[C@H](NC(=O)[C@H](Cc2ccc3ccccc3c2)NC(=O)[C@H](CCCN/C(N)=N/[H])NC(=O)[C@@H](N)CCCN/C(N)=N/[H])C(=O)N[C@@H](Cc2ccc(O)cc2)C(=O)N[C@@H](CCCNC(N)=O)C(=O)N[C@@H](CCCCN)C(=O)N[C@H](CCCCN)C(=O)N2CCC[C@H]2C(=O)N[C@@H](Cc2ccc(O)cc2)C(=O)N[C@@H](CCCN/C(N)=N/[H])C(=O)N[C@@H](CCCNC(N)=O)C(=O)N1)C(N)=O
147,26453,14,[H]/N=C(\N)NCCC[C@@H]1NC(=O)[C@H](CO)NC(=O)[C@H](Cc2cnc[nH]2)NC(=O)[C@H](CC(=O)O)NC(=O)[C@H](CCCN/C(N)=N/[H])NC(=O)[C@@H]2CSSC[C@H](N)C(=O)N[C@H]3CSSC[C@H](NC1=O)C(=O)N[C@H](C(N)=O)CSSC[C@H](NC(=O)[C@@H](CC(N)=O)NC3=O)C(=O)N[C@@H](CO)C(=O)N[C@@H](C)C(=O)N[C@@H](CCCCN)C(=O)N[C@@H](Cc1c[nH]c3ccccc13)C(=O)N2
148,26933,9,CC(C)NCc1ccc(C[C@@H]2NC(=O)[C@H](Cc3c[nH]c4ccccc34)NC(=O)[C@H](Cc3ccccc3)NC(=O)[C@@H](Cc3ccccc3)NC(=O)[C@@H](CCCCN)NC(=O)[C@H](N)CSSC[C@@H](C(N)=O)NC(=O)[C@H](CO)NC(=O)[C@@H]([C@@H](C)O)NC(=O)[C@H](Cc3ccc(O)cc3I)NC(=O)[C@@H]([C@@H](C)O)NC2=O)cc1
149,26995,9,CC(C)NCc1ccc(C[C@@H]2NC(=O)[C@H](Cc3c[nH]c4ccccc34)NC(=O)[C@H](Cc3ccccc3)NC(=O)[C@@H](Cc3ccccc3)NC(=O)[C@@H](CCCCN)NC(=O)[C@H](N)CSSC[C@@H](C(=O)O)NC(=O)[C@H](CO)N(C)C(=O)[C@@H]([C@@H](C)O)NC(=O)[C@H](Cc3ccccc3)NC(=O)[C@@H]([C@@H](C)O)NC2=O)cc1
150,27056,7,C[C@@H](O)[C@H]1NC(=O)[C@H](Cc2ccccc2)NC(=O)[C@@H]([C@@H](C)O)NC(=O)[C@H](CCCCN)NC(=O)[C@H](Cc2c[nH]c3ccccc23)NC(=O)[C@H](Cc2ccccc2)NC(=O)[C@@H](Cc2ccccc2)NC(=O)[C@H](N)CSSC[C@@H](C(=O)O)NC1=O
151,27137,14,[H]/N=C(\N)NCCC[C@H](NC(=O)[C@@H]1CCC(=O)N1)C(=O)N[C@H]1CSSC[C@@H]2NC(=O)[C@H](Cc3c[nH]c4ccccc34)NC(=O)[C@H](CCCCN)NC(=O)[C@H](CO)NC(=O)[C@H](CO)NC(=O)[C@@H]3CSSC[C@@H](C(N)=O)NC(=O)[C@H](CSSC[C@H](NC1=O)C(=O)N[C@H](CC(N)=O)C(=O)N3)NC(=O)[C@H](CCCN/C(N)=N/[H])NC(=O)[C@H](CO)NC(=O)[C@H](Cc1cnc[nH]1)NC(=O)[C@H](CC(=O)O)NC(=O)[C@H](CCCN/C(N)=N/[H])NC2=O
152,27604,7,NCCCC[C@@H]1NC(=O)[C@H](CC(=O)O)NC(=O)CNC(=O)[C@H](CCCN=C(N)N)NC(=O)[C@@H](N)CSSC[C@@H](C(=O)O)NC(=O)[C@H](CC(=O)O)NC(=O)[C@@H]2CCCN2C(=O)CNC1=O
153,27786,11,CC[C@@H]1NC(=O)[C@H]([C@H](O)[C@H](C)CCCCCCNC(C)=O)N(C)C(=O)[C@H](C(C)C)N(C)C(=O)[C@H](CC(C)C)N(C)C(=O)[C@H](CC(C)C)N(C)C(=O)[C@@H](C)NC(=O)[C@H](C)NC(=O)[C@H](CC(C)C)N(C)C(=O)[C@H](C(C)C)NC(=O)[C@H](CC(C)C)N(C)C(=O)[C@@H](C)N(C)C1=O
154,27819,9,[H]/N=C(\N)NCCC[C@@H]1NC(=O)[C@@H]2CCCN2C(=O)[C@H](CCC(=O)O)NC(=O)[C@H](Cc2ccccc2)NC(=O)[C@H](CCCCNC(=O)CC[C@H](NC(=O)CCCCCCCCCCCCCCC)C(=O)O)NC(=O)[C@H]([C@@H](C)CC)NC(=O)[C@@H](NC(=O)[C@@H]2CCCN2C(=O)[C@H](Cc2ccccc2)NC(=O)[C@H](Cc2c[nH]cn2)NC(=O)[C@@H](NC(=O)[C@H](CC(=O)O)NC(=O)CC(C)C)[C@@H](C)O)CSSC[C@@H](C(=O)N[C@@H](CCCCN)C(N)=O)NC(=O)CNC(=O)[C@H](CCCCN)NC(=O)[C@H](CO)NC1=O
155,27839,9,[H]/N=C(\N)NCCC[C@@H]1NC(=O)[C@H](Cc2cnc[nH]2)NC(=O)[C@H](C)NC(=O)CN(C)C(=O)[C@H](Cc2c[nH]c3ccccc23)NC(=O)[C@H](CC(=O)O)NC(=O)[C@H](CCC(N)=O)NC(=O)[C@H](Cc2cn(C)c3ccccc23)NC(=O)[C@H](C(C)C)NC(=O)[C@@H](NC(=O)[C@@H](NC(=O)[C@H](N)Cc2ccc(O)cc2)[C@@H](C)CC)CSSC[C@@H](C(=O)N(C)[C@H](C(N)=O)[C@@H](C)CC)NC1=O
156,27852,8,CC(C)[C@@H]1NC(=O)[C@H](CCCN=C(N)N)NC(=O)[C@H](CCC(N)=O)NC(=O)[C@H](Cc2cnc[nH]2)NC(=O)[C@H](CCC(=O)O)NC(=O)[C@@H]2CCCN2C(=O)[C@H](CO)NC(=O)[C@H](CCC(N)=O)NC1=O
